Bishops Stortford,10.0
Castleford,7.709926011939695
Salisbury,6.332329569656219
Abingdon,5.798634741697707
Tonbridge,5.643435305923519
Ramsgate,5.0522572771910665
Kirkby,4.410459130242864
Aberdare,3.348775304232863
Bury Saint Edmunds,2.9406512565440233
Farnham,2.9389884809611173
Kingswood,2.5387485555906446
Aldridge,2.1914988076763184
Hatfield,1.6133353620233104
Welling,1.4581822096582648
Newbury,1.2485431985856497
Cleethorpes,1.0558476984744976
Leigh,0.8273461316002537
Bridgwater,0.8256526698738684
Skelmersdale,0.7253974059862384
Tipton,0.6739890834170135
Eccles,0.6457334237648467
Caerphilly,0.6382343381500409
Great Yarmouth,0.5680054409041433
Sutton,0.5412639540426758
Ilkeston,0.5100431021567721
Herne Bay,0.43639288329103576
Worksop,0.2742992969139064
Urmston,0.27156653006775794
Andover,0.2520530653530058
Glenrothes,0.22809934500510703
Greenock,0.19538081628419213
Camberley,0.15269672873113244
Fareham,0.1263967458258748
Stirling,0.09746315206063841
Arnold,0.08976781052599236
Long Eaton,0.08837383944459812
King’s Lynn,0.04007269709548011
Blyth,0.03906307233889011
Port Talbot,0.034612364195927336
Middleton,0.028817700204869963
Kingston upon Thames,0.02664860126323462
Bletchley,0.025395516808184266
Sidcup,0.0221983527898063
Fleet,0.02044820331649584
Beeston,0.02044820331649584
Leighton Buzzard,0.02044820331649584
Small Heath,0.016858764750756382
Houghton le Spring,0.01266315034518211
Bexhill,0.011070162858233671
Whitley Bay,0.010058305862197454
Airdrie,0.010002108420267445
Grays,0.00965356350753915
Denton,0.009475128139159282
Merthyr Tudful,0.0058623246290502055
Wallsend,0.005797753877114136
Aldershot,0.005752255079173006
Coatbridge,0.0048758906747185015
Cheshunt,0.004209885017036947
Morley,0.0018925841866594731
Redcar,0.0018247581310569367
Walkden,0.0015917985897834636
Kenton,0.0015467598433650384
Leyland,0.0014869486699718298
Grantham,0.0014717597980620648
Woodley,0.0012258374029684147
Accrington,0.0011956049705868113
Pont-y-pŵl,0.0011765734697652059
Bridlington,0.0010240617691784138
Catford,0.0008252719047133868
Falkirk,0.0007174661377982242
Billingham,0.0007136813287732469
Yeovil,0.0006978449505000983
Boston,0.0006639519225744308
Surbiton,0.0005533488304013122
Dunstable,0.0005340385900222781
Winchester,0.0005051815833801681
Ashton,0.0004929611197164139
Hinckley,0.00045094168672590835
Ewell,0.00042700724387439396
Erith,0.0003815004679553961
Chorley,0.00029913270003866985
Spalding,0.00027249024117493247
Chippenham,0.0002371048989227519
Exmouth,0.0001996048109866351
North Shields,0.000196550368185231
Havant,0.00016658660484067741
Colwyn Bay,0.0001550008588183073
Irvine,9.741453795928675e-05
Hyde,9.627161123434714e-05
Wisbech,8.556923387480728e-05
Lichfield,7.031966443323165e-05
Kilmarnock,5.8154055432265175e-05
Ayr,5.440637857394551e-05
Welwyn Garden City,4.391853833390101e-05
Wickford,4.061466507404379e-05
Folkestone,3.8540441291680884e-05
Wokingham,3.566526484918147e-05
Greenford,3.328178473603339e-05
Hitchin,3.256314137958285e-05
Dumfries,3.0894623671577496e-05
Beckenham,3.0305091842797963e-05
Banbury,2.9860615317328857e-05
Letchworth,2.7497753021287006e-05
Stretford,2.71962224863185e-05
Huyton,2.5089604145809246e-05
Perth,2.5059640961772785e-05
Strood,2.464251933702077e-05
Trowbridge,2.1839240968767278e-05
West Bridgford,1.9655254522779325e-05
Glossop,1.832117048355744e-05
Barnet,1.3115588912337227e-05
Pontypridd,1.1180941156379611e-05
Stroud,1.075870590489858e-05
Bicester,1.0286656015522628e-05
Winsford,9.773035405728804e-06
Windsor,9.741817359247471e-06
Motherwell,7.942027059210283e-06
Brighouse,6.563692286619995e-06
Wigston Magna,6.170533084651414e-06
Swadlincote,5.252259081772382e-06
Rayleigh,4.711487709445288e-06
Whitstable,4.355507315482743e-06
Durham,4.242635378193148e-06
Ecclesfield,4.174844358502401e-06
Ryde,4.168302962571368e-06
Earley,3.9396477492125145e-06
Borehamwood,3.4709357448211524e-06
Bexleyheath,3.332909074609831e-06
Morden,3.2827061650154623e-06
Christchurch,2.660904424561848e-06
Prestwich,2.3100684991838234e-06
Cwmbran,2.0550834488911745e-06
Darwen,1.910712727998725e-06
Epsom,1.686996110445532e-06
Warwick,1.3532001293025436e-06
Eltham,1.0658884931515186e-06
Paignton,9.77601360213003e-07
Pinner,9.75723284417696e-07
Sutton in Ashfield,9.74643257147278e-07
Rutherglen,9.610528267818747e-07
Loughton,9.408925490502747e-07
Wellingborough,8.315375200071457e-07
Dover,8.286943879345569e-07
Pontefract,6.701982450333558e-07
Saint Neots,6.03404050690262e-07
Pen-y-Bont ar Ogwr,5.493450250219208e-07
Batley,5.144089585844253e-07
Bedworth,4.730206402814271e-07
Burgess Hill,4.6395334013667953e-07
Llanelli,4.1579029415885314e-07
Royal Leamington Spa,3.742449641340793e-07
Northolt,2.8429099542893094e-07
Farnworth,2.7082803568573507e-07
Wishaw,2.6260239308976626e-07
Harpenden,2.587757550023098e-07
Leith,2.177910115257963e-07
Crosby,2.1338109699694415e-07
Deal,2.0625279295399423e-07
Kirkcaldy,1.7501830058555614e-07
Radcliffe,1.6944514034481356e-07
Carshalton,1.6151870241459386e-07
Plympton,1.5735627526410695e-07
Rowley Regis,1.5650738417794521e-07
Bulwell,1.3075581345181266e-07
Cumbernauld,1.2188170669262318e-07
Cambuslang,1.1634713488394807e-07
Sevenoaks,8.935303491626048e-08
Northfleet,8.535840776522339e-08
Cramlington,7.735577156761975e-08
Rushden,6.402869712213451e-08
Bromsgrove,6.092956946118109e-08
Horsham,5.933457290529296e-08
Nelson,5.274549628360606e-08
Beverley,5.091734514490491e-08
Cannock,4.473056873753066e-08
Hanwell,3.152294106914624e-08
Stratford,3.140319697823844e-08
Stanford le Hope,3.1391421868420924e-08
Bootle,3.1098382291954444e-08
Macclesfield,2.7515195189922738e-08
Barri,2.6761603568572342e-08
Kendal,2.4480085329151645e-08
Willenhall,2.1143318878790067e-08
Wood Green,2.0370430460244244e-08
Heywood,1.4492722408887897e-08
Bearsden,1.2905199759485793e-08
Reddish,1.1764193289161337e-08
Billericay,1.0932090413609415e-08
Lancaster,9.812303688647162e-09
Darlaston,8.603757281316782e-09
Littlehampton,8.3073402949224e-09
Ashington,7.967559303396485e-09
Altrincham,7.644779389149097e-09
Newton Mearns,6.928183968491278e-09
Yate,6.418579829840788e-09
Jarrow,5.790528307655627e-09
Witney,5.759677758061707e-09
Stratford-upon-Avon,5.197568212419744e-09
Shotley Bridge,4.856521024117585e-09
Ashford,4.7796638770609706e-09
Ormskirk,4.538383686565041e-09
Longton,3.825618819222939e-09
Hendon,3.658922930508147e-09
Melton Mowbray,3.552969810445582e-09
Weymouth,3.2240884289784245e-09
Haverhill,3.0457881883352635e-09
Didcot,2.5989469803673433e-09
Clifton,2.325746198457868e-09
Chichester,2.2075523137529962e-09
Hertford,2.173309072884688e-09
Braintree,1.8892545079226144e-09
Highbury,1.8618299985816888e-09
Newton Aycliffe,1.7884750782994126e-09
Fern Down,1.625114199945845e-09
Congleton,1.4713216983848852e-09
Cheadle Hulme,1.4656409947023108e-09
East Grinstead,1.2952624444982138e-09
Thatcham,1.0470254716237245e-09
Frome,1.028460702285737e-09
Dunfermline,9.044648046099475e-10
Burntwood,8.452020662278987e-10
Clydebank,7.645546468286765e-10
Fleetwood,7.351053964961259e-10
Bournville,7.341749890687437e-10
Hamilton,7.196974267660243e-10
Shenley Brook End,6.388670871309606e-10
Bushey,5.886119288919069e-10
New Milton,5.5551300563261e-10
Northfield,5.485739916836431e-10
Coulsdon,5.403644619675231e-10
Bilston,4.654654661571982e-10
Newton Abbot,4.539642500602343e-10
Wellington,4.5283030803565197e-10
Newport,4.211793504997806e-10
Oldbury,4.1699543995148235e-10
Bishop Auckland,4.001826631265145e-10
Longbridge,3.783703851718398e-10
Bloxwich,3.7415647046282603e-10
Upminster,3.5600253607712743e-10
Witham,3.5248161239733774e-10
Brentwood,3.1691937694165355e-10
Corby,3.008627187277468e-10
Workington,2.9414134925747625e-10
Kingswinford,2.883814418010317e-10
Rhyl,2.7380606230934096e-10
Daventry,2.353187428884189e-10
Hindley,2.2820095050738444e-10
Rainham,2.2792090359756172e-10
Portishead,2.2792090359756172e-10
Pitsea,2.2792090359756172e-10
Westhoughton,2.2076156170609586e-10
Canterbury,2.0467341323608947e-10
Broadstairs,2.0236380437021315e-10
Consett,1.8463234133085533e-10
Thornaby on Tees,1.660473483299488e-10
Kidderminster,1.4373428272119268e-10
Wilmslow,1.2350887237278126e-10
Ellesmere Port,1.1491780920133745e-10
Kings Norton,1.0725650619127224e-10
Thetford,1.0221813938790472e-10
Elgin,9.979075161010643e-11
Chester-le-Street,8.92571474576037e-11
Farnley,8.777329302056011e-11
Great Sankey,8.756339514376763e-11
Hereford,8.613617184349301e-11
Golborne,8.327255110901904e-11
Plymstock,7.696113729719844e-11
Bognor Regis,7.346465698589687e-11
Rugeley,7.080200925961745e-11
Barnstaple,7.080200925961745e-11
Eastleigh,6.897268862340061e-11
Ashton in Makerfield,6.807629485663886e-11
Whitehaven,6.695270420635916e-11
Rickmansworth,6.592642571721712e-11
Littleover,6.476229964941308e-11
Caversham,5.939100826014122e-11
Oadby,5.691277921747641e-11
Bishopbriggs,5.499378589310078e-11
Kidsgrove,5.099037386741554e-11
Huntingdon,4.956737652081874e-11
Stalybridge,4.9508974874021086e-11
Stanmore,4.7733235725969493e-11
Felixstowe,4.711897089507451e-11
Marple,4.700815614946687e-11
Perry Barr,4.511173265224194e-11
Gosforth,4.3446633555444884e-11
Droitwich,3.792161359534281e-11
Arbroath,3.730546507992432e-11
Seaford,3.614605303113055e-11
Evesham,3.469797278931397e-11
Barrow in Furness,3.3868487454548814e-11
Whitefield,2.93055486510262e-11
Clacton-on-Sea,2.914487650748907e-11
Livingston,2.4323721710941777e-11
Penwortham,2.2298569732668117e-11
Harborne,2.1146994324934713e-11
Swinton,1.9510546211532653e-11
Market Harborough,1.9067316600137022e-11
Penistone,1.902356697618469e-11
Gainsborough,1.7595814951619922e-11
Walton upon Thames,1.74552288916589e-11
Erdington,1.7335648709191224e-11
Haywards Heath,1.6788626584918323e-11
Stratton Saint Margaret,1.4941430632537312e-11
Droylsden,1.4788809024120107e-11
Wednesfield,1.4081426336434504e-11
Calverley,1.327220375867803e-11
Leigh-on-Sea,1.2050846142188292e-11
Formby,1.0882964991693663e-11
Kenilworth,1.0809365907613981e-11
Pudsey,1.0748427687797579e-11
Guiseley,1.0032759520771936e-11
Alfreton,9.536333962667089e-12
March,9.493446259181002e-12
Litherland,8.913416300625913e-12
Yeadon,8.823650748344696e-12
Buxton,8.646897466355485e-12
Acomb,8.646897466355485e-12
Newton in Makerfield,7.720419755666418e-12
Streatham,7.57709088855365e-12
Penarth,7.457013428290339e-12
Horley,7.39882427898519e-12
Northwood,7.162681149073912e-12
Halesowen,6.92861799385403e-12
East Retford,6.895659413099294e-12
Rawtenstall,6.796286479051481e-12
Atherton,6.796286479051481e-12
Ruislip,6.322943397218402e-12
Musselburgh,6.079434617779237e-12
Renfrew,5.776245118335239e-12
Belper,5.57453404365244e-12
Reigate,5.562170286175574e-12
Sheldon,5.543677059300304e-12
Godalming,5.4642676978768935e-12
Falmouth,5.421993469592133e-12
Kilwinning,4.832063293351586e-12
Potters Bar,4.552194217284986e-12
Camborne,4.36047140168579e-12
Linslade,4.312662405949995e-12
Chesham,3.83359380855979e-12
Richmond,3.7750909114700656e-12
Chandlers Ford,3.640795363231724e-12
Aylesbury,3.5472638023179198e-12
Darton,3.2953297418165597e-12
Royton,3.0827840376628033e-12
Clevedon,3.0727019570916544e-12
Dronfield,3.006348852434749e-12
Ossett,2.9095693553162734e-12
Penzance,2.8129248682746392e-12
Waltham Abbey,2.6610488945134455e-12
Barking,2.480343675991339e-12
Omagh,2.4054320735669033e-12
Caterham,2.3385867417250477e-12
Woodlesford,2.2884692510564593e-12
Maesteg,2.2638256335412646e-12
Normanton,1.9714385429270148e-12
Wallington,1.9252363970471966e-12
Ripley,1.8381197597509146e-12
Sandhurst,1.830224608229358e-12
Leek,1.762613138681186e-12
Alloa,1.6921081505739437e-12
Boscombe,1.6722449524149758e-12
Llandudno,1.6402573204441382e-12
Failsworth,1.6037323241122983e-12
Kirkstall,1.5917439011398438e-12
Kirkby in Ashfield,1.5900387422292045e-12
Bellshill,1.5529987635524797e-12
Crowborough,1.4831424583624253e-12
Shoreham-by-Sea,1.3910279756274208e-12
Dumbarton,1.3616477502158932e-12
Hythe,1.3601957281662157e-12
Hailsham,1.289582116898978e-12
Maghull,1.2463783595100624e-12
Bathgate,1.143546153143124e-12
Rothwell,1.1326720930375057e-12
Newquay,1.1183385493324313e-12
Hoddesdon,1.014463693632679e-12
Royal Tunbridge Wells,9.675972694149216e-13
Seaham,9.341881386913649e-13
Peterlee,9.263330508794565e-13
Halewood,8.806070664088046e-13
Ely,8.769028743133009e-13
Killingworth,8.469486808722157e-13
Horwich,8.363190393722335e-13
Bispham,7.80259494703627e-13
Antrim,7.680669009803588e-13
Wetherby,7.624441763856157e-13
Saint Austell,7.458289041567656e-13
Irlam,7.265334911705379e-13
Northwich,7.197134363846482e-13
Biddulph,6.959932173613879e-13
Wallasey,6.789228350466573e-13
Spennymoor,6.428265661549718e-13
Barrhead,6.408156967494935e-13
Garforth,6.394786531165004e-13
Tewkesbury,6.178281955432171e-13
Stamford,5.701935922722071e-13
Kirkintilloch,5.696004208632362e-13
Taunton,5.539782594472169e-13
Davyhulme,5.318237108284156e-13
Skegness,5.023160750827975e-13
Burnham-on-Sea,5.007558461404168e-13
Abbots Langley,4.997184875581219e-13
Mirfield,4.94052300595981e-13
Tiverton,4.844204451637637e-13
Goole,4.715521448206489e-13
South Ockendon,4.4409772241159666e-13
Romsey,4.3546610032590303e-13
Kempston,4.3501659228325514e-13
Adel,4.3054792294595416e-13
Liversedge,4.261264703699972e-13
Morecambe,4.107061741676648e-13
Hampton,4.055446851101591e-13
Great Linford,3.964559169641742e-13
Faversham,3.8281981596505734e-13
Dukinfield,3.789017704756618e-13
Stowmarket,3.6890671382574607e-13
Neath,3.606614712744648e-13
Ecclesall,3.4367572867951935e-13
Bangor,3.1997739874641135e-13
Molesey,3.030109588391377e-13
Cirencester,2.9931839081251056e-13
Dorchester,2.944668425489755e-13
Monkseaton,2.896961786281867e-13
Linlithgow,2.7698266994419755e-13
Southbourne,2.6592326855566805e-13
Margate,2.577359429538991e-13
Horsforth,2.4891128859735215e-13
Prestatyn,2.3755209953079364e-13
Kilbirnie,2.3278102681279315e-13
Lancing,2.2833984271735666e-13
Ware,2.2580857848102614e-13
Truro,2.1838665455457285e-13
Widnes,2.0188019771573408e-13
Eastwood,1.8693013586441788e-13
East Dereham,1.8636590115234102e-13
Wandsworth,1.7708596309202764e-13
Ebbw Vale,1.7703803072280625e-13
Peterhead,1.7333809119657946e-13
Appley Bridge,1.670115937254026e-13
Berkhampstead,1.670115937254026e-13
Rawmarsh,1.6667645111165115e-13
Poulton le Fylde,1.6617507965380197e-13
Staines-upon-Thames,1.6434988594175623e-13
Bedlington,1.620567125644302e-13
Mill Hill,1.5899711774644416e-13
Scarborough,1.5157045847730627e-13
Runcorn,1.4562207307482555e-13
Almondbury,1.4312877957745541e-13
Hadleigh,1.36699477740519e-13
Staveley,1.2965900358188598e-13
Fulwood,1.2786235110111302e-13
Redhill,1.1925585061477818e-13
Aberystwyth,1.1124454864977602e-13
Sunbury,1.0565346191607786e-13
Twickenham,1.0187911964392309e-13
Mickleover,1.0144954911821934e-13
Sandbach,9.90690088632959e-14
Madeley,9.513441617641853e-14
Grangemouth,9.244884682188082e-14
Ramsbottom,8.939939369070051e-14
Colne,8.791368754946486e-14
Alton,8.460058564043283e-14
Portchester,8.23824362970823e-14
Guisborough,8.141589281280366e-14
Harwich,7.431010885177636e-14
Acton,7.346029201335618e-14
Sleaford,7.336896554402565e-14
Moreton,7.32970764511616e-14
Sittingbourne,7.203444671359363e-14
Rhondda,6.892954657056036e-14
Quedgeley,6.323308694101138e-14
Warminster,6.146923900594363e-14
Woodhouse,5.911909956584727e-14
Bramhall,5.831857002711911e-14
Nantwich,5.764130075020503e-14
Woking,5.396756760040208e-14
Hednesford,5.327656982037767e-14
Lewes,5.09508114647626e-14
Houghton Regis,5.0117977467514733e-14
Thornton,4.992406585563008e-14
Calne,4.982739343919621e-14
Heanor,4.872947428490812e-14
Milton,4.868231157524287e-14
Friern Barnet,4.868231157524287e-14
Dewsbury,4.6710136191926436e-14
Glen Parva,4.5892248840584596e-14
Rochester,4.5068984886869215e-14
Cottingham,4.4796854452934265e-14
Bideford,4.239888964030463e-14
Oswestry,4.2317193684192073e-14
Mosbrough,4.19920222249645e-14
Heysham,3.884102949119201e-14
Golcar,3.824798697452377e-14
Westbury,3.784568276888359e-14
Heckmondwike,3.773672121119999e-14
Clayton,3.7591939909790106e-14
Morriston,3.569247459324707e-14
High Blantyre,3.474676835110884e-14
Stourbridge,3.3257312889448654e-14
Braunstone,3.312167072168613e-14
Haslingden,3.3089982113449795e-14
Northallerton,3.255598147675849e-14
Haslemere,3.236963627255329e-14
Saint Andrews,3.160494879367198e-14
Fazakerley,3.11550898688641e-14
Feltham,3.1103605719915285e-14
Hatfield,3.0858855381218514e-14
Windlesham,3.082939433021602e-14
Connahs Quay,3.0799958279043326e-14
Mitcham,3.0369695797255224e-14
Plumstead,2.9702628208381504e-14
Ripon,2.87549525253891e-14
Brixham,2.8509347678967804e-14
Maltby,2.8373836494003834e-14
Banstead,2.778542075461165e-14
Whickham,2.7417532102821002e-14
Keynsham,2.713199911584254e-14
Johnstone,2.672213624283128e-14
Cleckheaton,2.6645999344742458e-14
Newmarket,2.646921662785463e-14
The Mumbles,2.6094451770386483e-14
Hornchurch,2.5343625989275006e-14
Biggleswade,2.4907860965835294e-14
Cowley,2.3731752283937915e-14
Hebburn,2.3552519593660072e-14
Enfield Lock,2.3044962359867085e-14
Louth,2.1980074401937077e-14
Buckhaven,2.1406013039541036e-14
Stone,2.1285021607653346e-14
Saint Ives,2.126492406417052e-14
Denby Dale,2.0886781503554833e-14
Bangor,2.0749219249830272e-14
Birstall,1.9607718795785263e-14
Clitheroe,1.9259891985961765e-14
Queensbury,1.9151377110344135e-14
Stepney,1.8530808940215028e-14
Basford,1.7998468570751897e-14
Saltash,1.7613707771082286e-14
Giffnock,1.7514735276657923e-14
Tyldesley,1.6932816586276832e-14
East Barnet,1.685358257378907e-14
Upton,1.6743299597960352e-14
Whittlesey,1.5651186808154107e-14
Worcester Park,1.5260808619554138e-14
Porthcawl,1.4894365802777576e-14
East Finchley,1.4673381256571177e-14
Chertsey,1.4375029885845115e-14
Dawlish,1.4201676807548422e-14
Penicuik,1.3835577212724281e-14
Bingley,1.3822682918492226e-14
Adwick le Street,1.3643467677184137e-14
Hayes,1.3580042012973328e-14
Addlestone,1.3292180934739738e-14
Waterlooville,1.2330582129384082e-14
Royston,1.2089380689994301e-14
Carterton,1.1955445336102752e-14
Bebington,1.194435267918373e-14
Lymington,1.1487931989621714e-14
Bonnyrigg,1.097807958502551e-14
Buckley,1.0856809868727506e-14
Ince-in-Makerfield,1.084676747989743e-14
Nailsea,1.0510933301217774e-14
Thundersley,1.0223510276391364e-14
Swinton,9.84374040694875e-15
Wimborne Minster,9.780368367232447e-15
West Ham,9.771350470698032e-15
Saffron Walden,9.356996786739685e-15
Stoke Gifford,9.271198166390438e-15
Shipley,9.177755136652652e-15
Todmorden,9.160870360273258e-15
Kensington,9.079171438116879e-15
Weybridge,8.895021069102095e-15
Knaresborough,8.82980859044995e-15
Helensburgh,8.740947455604223e-15
Port Glasgow,8.613334589049378e-15
Seacombe,8.402326195873682e-15
Baildon,8.196641476882753e-15
Hemsworth,8.121785432839337e-15
Perivale,8.040256692758042e-15
Wombwell,7.872501484280544e-15
Stanley,7.858085906602084e-15
Llantrisant,7.850887837439898e-15
Broxbourne,7.779283662983185e-15
Hazel Grove,7.513268544002626e-15
Featherstone,7.370300533131526e-15
Mexborough,7.370300533131526e-15
Stapleford,7.350106500471906e-15
Neston,7.216930121003436e-15
Bidston,7.18402542050562e-15
Northenden,7.079768137229471e-15
Penrith,7.079768137229471e-15
Chellaston,7.0668462943957364e-15
Palmers Green,6.8383603377377324e-15
Totteridge,6.8196676353261595e-15
Blaydon,6.794824531650867e-15
New Brighton,6.757735064703035e-15
Teignmouth,6.635604688614486e-15
Farnborough,6.571014986517201e-15
Newport Pagnell,6.56940469087846e-15
Tredegar,6.480226951847525e-15
Swallownest,6.019773249566176e-15
Netherton,5.9924799316609955e-15
Hessle,5.900632412318415e-15
Winkfield,5.889922851949644e-15
Petersfield,5.762957800648309e-15
Larkhall,5.643928995565434e-15
Sudbury,5.638812136695168e-15
Wyke,5.638812136695168e-15
Kew Green,5.462686738095752e-15
Torquay,5.424554190550503e-15
Bromborough,5.150486891949649e-15
Chislehurst,5.062747043964095e-15
Ilkley,4.963075600150033e-15
Baguley,4.896279216608067e-15
Minster,4.874220473921362e-15
Balham,4.709885991617226e-15
Prestwick,4.705639724757626e-15
Banbridge,4.680242020399237e-15
Bodmin,4.646599573712542e-15
Selby,4.62569945728302e-15
Conwy,4.5924599632968585e-15
Tilehurst,4.429920675068618e-15
Troon,4.417971794756988e-15
Melksham,4.406056674474812e-15
Wibsey,4.382324654038599e-15
Great Baddow,4.300295791538514e-15
Farnborough,4.231245278666528e-15
Skipton,4.1971496936983085e-15
Lowton,4.129806154823542e-15
Burbage,3.9948533866260506e-15
Thorpe Saint Andrew,3.9520678125757925e-15
Wellington,3.927328330660674e-15
Moston,3.819671111174979e-15
Hythe,3.812830972100241e-15
Chelsfield,3.7822060477274096e-15
Uckfield,3.735069447139353e-15
Deysbrook,3.725048305800799e-15
Bo’ness,3.725048305800799e-15
Wrecsam,3.627217231673554e-15
Armthorpe,3.616623563464009e-15
Southgate,3.606929463363126e-15
Dollis Hill,3.5145897988086254e-15
Wymondham,3.4523307360836335e-15
Hetton le Hole,3.4430903455269043e-15
Amersham,3.3881809502922173e-15
West Derby,3.382136030336482e-15
West Drayton,3.346098880061601e-15
Thornton Heath,3.2585085900305073e-15
Finchley,3.2585085900305073e-15
Conisbrough,3.2374554212698495e-15
Kidbrooke,3.1436271240221117e-15
Rock Ferry,3.138031556705571e-15
Shirley,3.1324458820849694e-15
Hawick,3.1268708346573047e-15
Patcham,3.079893488854249e-15
West Wickham,3.0771527301904234e-15
Weston,3.04175231440062e-15
Poynton,3.0336428176657223e-15
Seacroft,2.9960927069318226e-15
Maldon,2.927622290286098e-15
Kearsley,2.906880764410217e-15
Caerfyrddin,2.8379898793014008e-15
Leyton,2.8354708106511575e-15
Mackworth,2.8254182476244787e-15
Ashtead,2.7979622521572283e-15
Wombourn,2.7683240484355922e-15
Smethwick,2.7414398945174146e-15
Childwall,2.597163994358833e-15
Cowdenbeath,2.587981118045192e-15
Forfar,2.5134896836796616e-15
Redruth,2.4476887269488966e-15
Morpeth,2.445526100924945e-15
Marlow,2.4175920390738062e-15
Pemberton,2.371066117526247e-15
Verwood,2.3440085772854964e-15
Bourne,2.3275162201724883e-15
Ringwood,2.290844288390103e-15
Chingford,2.2873494171594642e-15
Brierley Hill,2.27473777954512e-15
Streetly,2.272732558137787e-15
Milford Haven,2.2192777067299835e-15
Bickley,2.213418825749818e-15
North Hykeham,2.174765165671561e-15
Rustington,2.1728507642848606e-15
Eastham,2.1709383588350513e-15
Cosham,2.0738395368978943e-15
Kidlington,1.8878755949106878e-15
Knottingley,1.866484506725285e-15
Otley,1.7990665308278753e-15
Rottingdean,1.7724970195179512e-15
Allestree,1.7281028907262357e-15
Middlewich,1.6878011123992807e-15
Bredbury,1.6848546808486277e-15
Bridport,1.6499079069197088e-15
Rossington,1.6327156418912858e-15
Hilsea,1.6256068968789495e-15
Clifton,1.61994296647777e-15
Loughborough,1.6104574925868684e-15
Milngavie,1.604471590436632e-15
Shepshed,1.5603245737395626e-15
Ystrad Mynach,1.5535406754426731e-15
Little Hulton,1.51215396698601e-15
Alexandria,1.4796066829372926e-15
Rosyth,1.47446648605677e-15
Chaddesden,1.4402490454911849e-15
Heswall,1.4253051532336023e-15
Amblecote,1.4154315500733121e-15
Saint Budeaux,1.3862318943034138e-15
Egg Buckland,1.3647404430157853e-15
Bacup,1.3319898890607118e-15
Ampthill,1.3136405418307916e-15
Carluke,1.3056947249235086e-15
Shirebrook,1.3056947249235086e-15
Standish,1.281043637757536e-15
West Boldon,1.273301111287518e-15
Dingle,1.246041466788777e-15
Whitby,1.2109775083548983e-15
Walsall Wood,1.204712380864736e-15
Southwick,1.1922823763440301e-15
Knutsford,1.1881684119403616e-15
Broughty Ferry,1.1517958986350867e-15
Hamworthy,1.137962821857433e-15
Fraserburgh,1.0984297027287133e-15
Wollaston,1.0908824578497825e-15
Uttoxeter,1.0880662094939972e-15
Great Driffield,1.0796620050021204e-15
Chard,1.0740965561889933e-15
Goodmayes,1.0694811074560742e-15
Pendlebury,1.0694811074560742e-15
Washington,1.067887999902176e-15
Sudbury,1.0639696638122298e-15
Milnrow,1.062139075395518e-15
Holborn,1.0279679061521834e-15
Brackley,1.0235569137209476e-15
Corsham,1.0078383407110135e-15
Midsomer Norton,1.0078383407110135e-15
Cumnock,1.0078383407110135e-15
Gornalwood,1.0009323198622194e-15
Yiewsley,9.898141830131205e-16
Shenley Church End,9.746297967310764e-16
Flint,9.679585047364563e-16
Woolton,9.417409425688516e-16
Leagrave,9.328987791035626e-16
Cliftonville,9.249348154447086e-16
Buckingham,9.170408699117397e-16
Chilwell,8.968404827748258e-16
Syston,8.519572118039813e-16
Little Lever,8.512290752476518e-16
Sanderstead,8.325221511233761e-16
Chalfont Saint Peter,8.247358409031393e-16
Ainsdale,7.950122966344304e-16
Flitwick,7.795695280385031e-16
Brownhills,7.637851644512812e-16
Hornsey,7.528042888277674e-16
Sutton on Hull,7.464211231610279e-16
Horndean,7.400938741197013e-16
North Walsham,7.369510285059353e-16
Tynemouth,7.364926948815267e-16
Galashiels,7.159415386833137e-16
Selston,7.135108434796348e-16
Forres,7.080727413341773e-16
Tranent,7.050700979120844e-16
Wordsley,7.050700979120844e-16
Sidmouth,6.973245416492413e-16
Croxley Green,6.931902221919111e-16
Walsall,6.90996984529675e-16
Mablethorpe,6.751831275024284e-16
Abergavenny,6.660786747585371e-16
Wolverton,6.532123595966257e-16
Costessey,6.373543406697659e-16
Barton upon Irwell,6.368146244753802e-16
Bickenhill,6.335864334868314e-16
Tilbury,6.30375054520942e-16
Chigwell,6.298414358812927e-16
Blunsdon Saint Andrew,6.11456371984181e-16
Hersham,6.11456371984181e-16
Spondon,5.926219977198005e-16
Ashby de la Zouch,5.891265772780311e-16
Coseley,5.826915009194633e-16
Ovenden,5.797459530932365e-16
Chepstow,5.792565683670562e-16
Lymm,5.792565683670562e-16
Lye,5.77303091203529e-16
Thornbury,5.753564772993218e-16
Dalkeith,5.753564772993218e-16
Tonyrefail,5.557895504315629e-16
New Mills,5.511221086838988e-16
Thatto Heath,5.460346596347269e-16
Harrow on the Hill,5.414517846946233e-16
Newhaven,5.243957051597047e-16
Caldicot,5.235135410832911e-16
Olton,4.964947331984294e-16
Cheadle,4.956609652345354e-16
Bamber Bridge,4.796878959420905e-16
Huntington,4.724957664087885e-16
Sedgley,4.642454685935936e-16
Beaconsfield,4.619156403997916e-16
Bridgnorth,4.611417327759621e-16
Fenton,4.576755959435889e-16
Berwick-Upon-Tweed,4.474376715992951e-16
Hwlffordd,4.470630414967094e-16
Broxburn,4.316181567389869e-16
Wells,4.316181567389869e-16
Warsop,4.312571891097234e-16
Minehead,4.2481311765106787e-16
Wimbledon,4.192627104829819e-16
Montrose,4.1567996565115467e-16
Broughton Astley,4.1050322750731513e-16
Sheerness,4.098180560238129e-16
Halstead,3.990142383779993e-16
Bargoed,3.970214621653256e-16
Rushall,3.875335351827379e-16
Snaresbrook,3.865655171524864e-16
Sandown,3.865655171524864e-16
Hoyland Nether,3.8144454030287093e-16
Ivybridge,3.8112679742977346e-16
Torton,3.779645241344245e-16
Trentham,3.7639355555994273e-16
Hexham,3.7420548035842334e-16
Honiton,3.7203057371258107e-16
Wath upon Dearne,3.7017673013457063e-16
Street,3.6680275502031293e-16
Oswaldtwistle,3.661927345719068e-16
Alsager,3.577613962569671e-16
Market Drayton,3.5716688979804417e-16
Gillingham,3.5215447417350204e-16
Hackney,3.4577544313868146e-16
Tring,3.4462843112437787e-16
Devizes,3.4036222750025585e-16
Sowerby Bridge,3.369885411858216e-16
Risca,3.3420350473200107e-16
Leominster,3.336493245692508e-16
Stafford,3.3069218253616884e-16
Ulverston,3.3007038394989675e-16
Elland,3.2952331364673414e-16
Prudhoe,3.2925011114027576e-16
Bolsover,3.2870444413447314e-16
Bryn,3.257198622657178e-16
Sandy,3.2437250178211747e-16
Henley on Thames,3.1431870157350247e-16
Ascot,3.101822824260118e-16
Sunninghill,3.101822824260118e-16
Stonehaven,3.099256164180476e-16
Abertillery,3.096691696427604e-16
Wallingford,3.094129419071275e-16
Thame,2.995893745657309e-16
Belgrave,2.988471729707457e-16
Wanstead,2.9516456751957816e-16
Blundellsands,2.8817708348228774e-16
Brislington,2.8746401671135145e-16
Gourock,2.8746401671135145e-16
Pelsall,2.860434378844676e-16
Tadley,2.785883435797938e-16
Culcheth,2.742570615107897e-16
Sandridge,2.735795529510895e-16
Holyhead,2.691067723275079e-16
Haydock,2.6580179640789753e-16
Carnoustie,2.610300883309921e-16
Wealdstone,2.610300883309921e-16
Stainland,2.599579729504705e-16
Greetland,2.599579729504705e-16
Newport,2.595304179186834e-16
Royal Wootton Bassett,2.591035888155534e-16
Buckhurst Hill,2.580396693334477e-16
Harrow Weald,2.571917929254275e-16
Newtown,2.5320338412424955e-16
Knowsley,2.503054983706577e-16
Wantage,2.4703546500429347e-16
Leatherhead,2.448129697710064e-16
Oxted,2.4441110519382713e-16
Burslem,2.4441110519382713e-16
Hipperholme,2.4320953882294236e-16
Chorleywood,2.388558625797171e-16
Stanwell,2.3748751654657447e-16
Astley,2.3574010838904934e-16
Burtonwood,2.347751017671558e-16
Maryport,2.341980355403149e-16
Saltcoats,2.3381412118895626e-16
Holywood,2.3323949334055123e-16
Kingsnorth,2.3057714590644433e-16
Largs,2.3019935796764216e-16
Cranleigh,2.3019935796764216e-16
Crayford,2.273863915738129e-16
Saint Ives,2.273863915738129e-16
Castle Bromwich,2.257156542350436e-16
Dorking,2.198772265033214e-16
Prescot,2.1969732368210391e-16
Ilfracombe,2.1969732368210391e-16
Wootton,2.1897915819362966e-16
Helston,2.1862097273218978e-16
Shoeburyness,2.1524839695139264e-16
Eckington,2.1401946002650013e-16
Aylestone,2.1384450339177503e-16
Dorridge,2.1192951092040574e-16
Evington,2.1072015471306306e-16
Southborough,2.0917568044759758e-16
Iver,2.083226788757017e-16
Barton upon Humber,1.9949880696274786e-16
Whitchurch,1.986865375075101e-16
Timperley,1.986865375075101e-16
Great Wyrley,1.985244850578491e-16
Epping,1.9643028678766804e-16
Bottesford,1.949938200453307e-16
Tavistock,1.9184037898884737e-16
Churchdown,1.8751379924191438e-16
Cudworth,1.8553939892337813e-16
Hellesdon,1.825436628918663e-16
Highgate,1.8224685504235153e-16
Ardrossan,1.8180256729580212e-16
Oakham,1.7742073825332612e-16
Mossley,1.7727658193256867e-16
Ponteland,1.7727658193256867e-16
Hollinwood,1.7713252711737206e-16
Inverurie,1.7216626005472148e-16
Soham,1.687071193423168e-16
Rainhill,1.677514873672604e-16
Stranraer,1.67479461887504e-16
Maidenhead,1.6643228090160326e-16
Earlestown,1.6465068798647573e-16
Methil,1.6069489207796911e-16
Great Harwood,1.6069489207796911e-16
Wooburn,1.596566807082425e-16
Flixton,1.5888256500248929e-16
Parkstone,1.5798433802062765e-16
Barnoldswick,1.5456855207584429e-16
Stannington,1.5394441763377827e-16
Selsey,1.5270392730161985e-16
Royston,1.515963332965293e-16
Amesbury,1.511067225534279e-16
Ross on Wye,1.4820319887624266e-16
Desborough,1.4784432920782668e-16
Hatch End,1.473672424483448e-16
Darfield,1.4641781650528793e-16
Knowle,1.455922408788841e-16
Aylesford,1.4349136126392373e-16
Cookstown,1.4187899530297035e-16
North Tidworth,1.3904614474303176e-16
Longbenton,1.3859834675713491e-16
Bishops Cleeve,1.380406852669528e-16
Blandford Forum,1.378182579544778e-16
Felton,1.3748532569227625e-16
Englefield Green,1.3748532569227625e-16
Kingsteignton,1.3671171975851298e-16
Abergele,1.342013454666303e-16
Southwick,1.2973930620482523e-16
Whitburn,1.289069138652099e-16
Monmouth,1.2695201123055633e-16
Ryhope,1.2452634232514557e-16
Fort William,1.2205045133791404e-16
Holbeach,1.2195247495283912e-16
Chatteris,1.214638495254311e-16
Eccleston,1.1952941371050126e-16
Scartho,1.1715602922768773e-16
Cowes,1.1687451113378872e-16
Charlton Kings,1.1603414130090147e-16
Ickenham,1.1520001074889204e-16
Shepton Mallet,1.1355028910310323e-16
Prestonpans,1.1273460343344816e-16
Mildenhall,1.087459627632343e-16
Broadstone,1.0770715137230613e-16
Southall,1.0704331785295437e-16
Spitalfields,1.0625300392750591e-16
Cheam,1.0616809585524141e-16
Ludlow,1.0456816848773474e-16
Appleton,1.044846619036641e-16
Lemington,1.0144258560755043e-16
Snodland,1.0007570167490849e-16
Castleton,9.601150157260724e-17
Hucclecote,9.593503272160999e-17
Rogerstone,9.593503272160999e-17
Inverness,9.549802313151308e-17
Keighley,9.549802313151308e-17
Great Missenden,9.441886634218006e-17
Corfe Mullen,9.404371896717289e-17
Beccles,9.329800583462036e-17
Padiham,9.146033938510992e-17
Worsley,9.088021631639081e-17
Warfield,9.073578274602738e-17
Mold,8.859746865242661e-17
Chapeltown,8.754790310453819e-17
Southwater,8.630534564097781e-17
Horbury,8.474410568794332e-17
Shevington,8.460973370027903e-17
Downham Market,8.420792769097534e-17
Euxton,8.414114889090876e-17
Marton,8.39411495042625e-17
Shildon,8.301429439039089e-17
Bishopstoke,8.288275463888568e-17
Aberaman,8.222826922648872e-17
Birchington,8.203296465913065e-17
Handsworth,8.177330077605426e-17
Haddington,8.093525658926607e-17
Aldenham,8.080711833059991e-17
Baldock,7.81640402148951e-17
Worth,7.742539334554289e-17
Stocksbridge,7.627058787435214e-17
Kilsyth,7.572979679124335e-17
Ellon,7.572979679124335e-17
Abram,7.543107308543562e-17
Caernarfon,7.525242179714846e-17
Ollerton,7.454218419532556e-17
Choppington,7.148714261698434e-17
Kippax,7.137442549102666e-17
Tottington,7.126189195798578e-17
Whitchurch,7.114954170942492e-17
Dodworth,7.092538228297806e-17
Nairn,7.070195988280149e-17
Balderton,6.98154936524016e-17
Pembroke Dock,6.959568201806743e-17
Shepperton,6.959568201806743e-17
Felpham,6.921271936448776e-17
Cobham,6.883194066555275e-17
Raynes Park,6.877771750592528e-17
Rhosllanerchrugog,6.643518323749492e-17
Lambeth,6.544926195349721e-17
Bradwell,6.452916740366044e-17
Glenfield,6.38227920681403e-17
Immingham,6.377264046927419e-17
Hockley,6.2482949643327e-17
Swanage,6.175118902286541e-17
Uxbridge,6.132933509163467e-17
Boxley,5.951513321256968e-17
Matlock,5.900398779606892e-17
Newburn,5.86810797120687e-17
Skelton,5.822293848406496e-17
Rugby,5.814401366820757e-17
Sherborne,5.808622471473239e-17
Tadworth,5.804072310513448e-17
Worsborough,5.776849791699944e-17
London Colney,5.736263112378818e-17
Emsworth,5.669272701208029e-17
Llantwit Major,5.642703101945277e-17
Bewdley,5.57247895269215e-17
South Normanton,5.46455446853899e-17
Killamarsh,5.46455446853899e-17
Bradford-on-Avon,5.2839497028045416e-17
Horsell,5.210188921346265e-17
Broadwater,5.165637570660037e-17
Wilnecote,5.105518938075084e-17
Kirkwall,4.8532430625013506e-17
Ledbury,4.8419152508706496e-17
Crigglestone,4.77080435578615e-17
Towcester,4.700772065812422e-17
Bowdon,4.6138258187032634e-17
Bude,4.592349910537245e-17
Clay Cross,4.592349910537245e-17
Launceston,4.570977279291511e-17
Cullercoats,4.521506723955588e-17
Cupar,4.5144849331061046e-17
Aberbargoed,4.4587137341452916e-17
Tiptree,4.451792682369405e-17
Burscough,4.451792682369405e-17
Yaxley,4.424218834429081e-17
Pencoed,4.39682096999549e-17
Brandon,4.32573381940457e-17
Larbert,4.3190259536985236e-17
Lowestoft,4.31657677393191e-17
Bingham,4.2790033996152824e-17
Stevenston,4.2723699515905226e-17
Whitnash,4.2723699515905226e-17
Usworth,4.177374997113103e-17
Portlethen,4.1451265541719973e-17
Frodsham,4.103587246389593e-17
Dinnington,4.103587246389593e-17
Shanklin,4.0877255415301893e-17
Armadale,4.059334105140106e-17
Bonhill,4.018683198400788e-17
Eaton Socon,3.993876533171403e-17
Rye,3.9907866890115974e-17
Queensferry,3.944736370038076e-17
Barwell,3.932549544165752e-17
Blairgowrie,3.926470727883058e-17
Dunblane,3.866212758109519e-17
Bovingdon,3.866212758109519e-17
Ferryhill,3.6968105944966145e-17
Hayle,3.688260239753316e-17
Glastonbury,3.6683877777582345e-17
Felling,3.6010904368386464e-17
Great Cornard,3.6010904368386464e-17
Caister-on-Sea,3.581703488673933e-17
Irthlingborough,3.57894258302756e-17
Sandiacre,3.5487188563997315e-17
Holywell,3.540521854488607e-17
Partick,3.5350681819290875e-17
Ifield,3.529623190543568e-17
Leven,3.4436709751266936e-17
Rhymney,3.430437311168755e-17
Kirk of Shotts,3.4172565531777555e-17
Great Dunmow,3.391051821012818e-17
Brimington,3.283238872873603e-17
Cherry Hinton,3.263108063852711e-17
Cowley,3.253090369574557e-17
Lydney,3.228185450987724e-17
Cockermouth,3.2158069688233484e-17
Littleport,3.159494549425159e-17
Lisburn,3.0388599046253556e-17
Atherstone,2.998890248346579e-17
Raunds,2.932986552417914e-17
Chapel en le Frith,2.919538840259477e-17
Gosport,2.893430729595069e-17
Canford Cliffs,2.886198684404432e-17
Whitwick,2.868578355891138e-17
Polegate,2.8120760355501104e-17
Oban,2.788519010072284e-17
Sompting,2.758831623832992e-17
Meltham,2.7024964383871594e-17
Worplesdon,2.6921952082677067e-17
Penkridge,2.6860339037779233e-17
Clayton le Moors,2.677841402671781e-17
Oakengates,2.667637288391821e-17
Bedwas,2.6574733593593015e-17
West Auckland,2.6513941682598148e-17
Hughenden,2.6453293501538014e-17
Carlton Colville,2.6433108412760468e-17
Skewen,2.6332429640050625e-17
Cullompton,2.6312339867655644e-17
Bersted,2.6252168254476602e-17
Blackwood,2.6252168254476602e-17
Cinderford,2.621213377635919e-17
Liphook,2.6152198996219607e-17
Dunbar,2.6052620490478978e-17
Ramsey,2.5913875485363214e-17
Rochford,2.5756237721304436e-17
Sawbridgeworth,2.550219166006191e-17
Great Billing,2.5482756240560127e-17
Narborough,2.5308535324725388e-17
Shrewsbury,2.5102412021025652e-17
Audley,2.5097267045974575e-17
Hornsea,2.5001839911744714e-17
Crewe,2.496888877941585e-17
Haxby,2.4925766741155687e-17
Welwyn,2.486886954092683e-17
Polesworth,2.483101352151865e-17
Richmond,2.4642622381354205e-17
Seaton,2.4642622381354205e-17
Woodchurch,2.439991977678936e-17
Marlborough,2.4307229429018598e-17
Annan,2.4196485727646943e-17
Yarm,2.4104594036533378e-17
Aveley,2.404963570103234e-17
Peebles,2.3958320386978185e-17
Birtley,2.3794857815248516e-17
Torpoint,2.374062926862348e-17
Coleford,2.3650528832055925e-17
Windermere,2.3650528832055925e-17
Glascote,2.3382339927301058e-17
Aughton,2.3346820465492894e-17
Pocklington,2.3258264419795786e-17
Harlington,2.2205411593513433e-17
Buckie,2.2154920737415922e-17
Tanfield,2.210455081313532e-17
Silsden,2.20710336287326e-17
Paddock Wood,2.198747481667132e-17
Hadleigh,2.1821336784477126e-17
Lanark,2.1821336784477126e-17
Brecon,2.177174838923864e-17
Toton,2.157455678547192e-17
Billingshurst,2.1476656431336637e-17
Mountsorrel,2.133066286589883e-17
Radcliffe on Trent,2.1041745332419643e-17
Egremont,2.0867179625252653e-17
Bramley,2.0867179625252653e-17
Brierfield,2.085138578715837e-17
Gowerton,2.0694112714412285e-17
Walmer,2.0615936535435548e-17
Heybridge,2.0569174908277874e-17
Goffs Oak,2.052252711204016e-17
Cam,2.0214310578230782e-17
Highworth,2.0199027282418594e-17
Shinfield,1.9971185483756165e-17
Bucksburn,1.98958306588402e-17
Witley,1.988079418747308e-17
Dalton in Furness,1.9805791895315265e-17
Merstham,1.9775873340767504e-17
Wistaston,1.9686395682648492e-17
Alnwick,1.9671522809236548e-17
Old Colwyn,1.9626975847077377e-17
Monifieth,1.9582535160633492e-17
Ystradgynlais,1.931805481440313e-17
Horden,1.924524604276843e-17
Brightlingsea,1.908606281050407e-17
Totnes,1.908606281050407e-17
Caerleon,1.887118645023024e-17
Stornoway,1.8546552217249497e-17
Warlingham,1.8518597949662786e-17
Merrow,1.8518597949662786e-17
Trumpington,1.849068535650862e-17
Wroughton,1.847674725474451e-17
Radlett,1.8351780851160322e-17
Bearsted,1.8159125203503612e-17
Exhall,1.8104464352395978e-17
Hawkinge,1.8049973584994002e-17
Goring by Sea,1.7887519969468632e-17
Loftus,1.7860591978462196e-17
Princes Risborough,1.772657568212119e-17
Seasalter,1.7580359138918815e-17
Newbold,1.7514310135129174e-17
Coppull,1.747480534454438e-17
Harworth,1.7330734989946143e-17
Willerby,1.7226728414552738e-17
Denny,1.7149144928761163e-17
Thurso,1.7136250960026274e-17
Newport-On-Tay,1.6995064956784816e-17
Wadebridge,1.6716289265766338e-17
Bollington,1.652892836271778e-17
Binfield,1.6466960535851086e-17
Kinmel,1.62702650656531e-17
Latchford,1.617283064596951e-17
Burton upon Trent,1.613970720187508e-17
Crediton,1.5919925203621196e-17
Sileby,1.5919925203621196e-17
Millom,1.5848421284601552e-17
Rainworth,1.5753595700017785e-17
Edenbridge,1.5600756093744398e-17
Willesborough,1.5507463619993226e-17
West Thurrock,1.5449449106062185e-17
Rainford,1.5265305401882027e-17
Annfield Plain,1.5208225705780812e-17
Cross Gates,1.516272269525212e-17
Hook,1.516272269525212e-17
Stopsley,1.5049578447755923e-17
Woodbridge,1.4926126887567464e-17
Stony Stratford,1.4781577316667332e-17
Tenterden,1.477051927458713e-17
Stonehouse,1.4660397784112335e-17
Longridge,1.464943345932238e-17
Byfleet,1.464943345932238e-17
Rothwell,1.4324388399390425e-17
Cromer,1.4207081594346283e-17
Treorchy,1.4185860417750012e-17
Hassocks,1.403822408227648e-17
Kingsbury,1.3881805071508305e-17
Wivenhoe,1.3727186099811042e-17
Fakenham,1.3523794583533035e-17
Angmering,1.3493554060422557e-17
Rhôs-on-Sea,1.3283829385819977e-17
Sundon,1.3204823367112728e-17
Codsall,1.3175321349077092e-17
Diss,1.3077473445995243e-17
Saint Agnes,1.3009426190395226e-17
Banchory,1.2961047291888686e-17
Yatton,1.2884025309157577e-17
Pembroke,1.2884025309157577e-17
Clydach,1.2422479186220272e-17
Cramond,1.2413239480339355e-17
Hucknall under Huthwaite,1.2394782626229847e-17
Whitworth,1.2394782626229847e-17
Stonehouse,1.2394782626229847e-17
Currie,1.2339580900004952e-17
Dinas Powys,1.230292185875342e-17
Northam,1.2293774089945725e-17
Strathaven,1.2248141862008092e-17
Norton Canes,1.2202687208053476e-17
Littleborough,1.209430244115871e-17
Boultham,1.207633451382895e-17
Chobham,1.199582459718176e-17
Burton Latimer,1.193358947637888e-17
Clowne,1.1915868384167221e-17
Ripponden,1.1687966434153641e-17
Waltham Cross,1.1567121202175982e-17
Pyle,1.154996369813648e-17
Harefield,1.1498647763302373e-17
Wendover,1.1498647763302373e-17
Wickersley,1.1439077795887913e-17
Brockworth,1.139672311066618e-17
Durrington,1.13292923937964e-17
Upholland,1.1304111086548331e-17
Mountain Ash,1.1287356839006023e-17
Crieff,1.123724799975229e-17
Sheringham,1.1228918355622478e-17
Shenstone,1.1162513982075923e-17
Braunton,1.1112977006817838e-17
Bannockburn,1.110474260165568e-17
Greenhill,1.0998273180431502e-17
Wick,1.094948969078689e-17
Brewood,1.091709245264839e-17
Partington,1.0900931022198505e-17
Herne,1.0884793243690228e-17
Shaftesbury,1.0796480324174003e-17
Southwell,1.0661452345272267e-17
Titchfield,1.0528168965446065e-17
Bramcote,1.0450573523463596e-17
Swaffham,1.0358238244663545e-17
Roby,1.0327647297852599e-17
Basing,1.0161062651449342e-17
Kinvere,1.0108642293169566e-17
Peterculter,1.0071371042424855e-17
Ruddington,1.0041656780649655e-17
Cotgrave,9.945707557271782e-18
Watton,9.938366916532506e-18
Brechin,9.916376617774237e-18
Whitchurch,9.909058363826939e-18
Kirkham,9.879837219045514e-18
Warsash,9.799942569688223e-18
West Mersea,9.799942569688223e-18
Grove,9.763847722356892e-18
Wilmington,9.763847722356892e-18
Claygate,9.692069900314353e-18
Higham Ferrers,9.52904317808409e-18
Sawston,9.52904317808409e-18
Coundon,9.486982606505974e-18
Denham,9.486982606505974e-18
Burnley,9.433069881870901e-18
Pershore,9.389586585455563e-18
Faringdon,9.361950050828163e-18
Ashbourne,9.300073612686323e-18
Allington,9.218229878215878e-18
Hedon,9.218229878215878e-18
Wardle,9.164080315629713e-18
Calverton,9.05676764082864e-18
Abersychan,8.977136141893282e-18
High Ackworth,8.878615734195727e-18
Quarrington,8.859044981537122e-18
Kirkleatham,8.852532195296295e-18
Saint Peters,8.833021777906986e-18
Burley in Wharfedale,8.826527900546904e-18
Coxhoe,8.691298002236723e-18
East Cowes,8.627657883213862e-18
Shifnal,8.621320092544867e-18
Eston,8.596017895196975e-18
Crewkerne,8.564499598598668e-18
New Romney,8.539369845767946e-18
Westgate on Sea,8.539369845767946e-18
Warrenpoint,8.445811508796942e-18
Filey,8.445811508796942e-18
Lerwick,8.304410508987066e-18
Cleator Moor,8.171447307825236e-18
Dowlais,8.111739555890818e-18
Deeping Saint James,8.0939152004085e-18
Kingswood,7.906291240250209e-18
Church Gresley,7.848585261670729e-18
Carlton,7.848585261670729e-18
Thornhill,7.814171098677652e-18
Bonnybridge,7.785612893588079e-18
Duntocher,7.672451471803145e-18
Fishtoft,7.588697540784943e-18
Lochgelly,7.58314742936413e-18
Pontardawe,7.572060546212025e-18
Pickering,7.560990428283527e-18
Sturry,7.505889661301407e-18
Gedling,7.48944040126223e-18
Horncastle,7.478495192661815e-18
Penryn,7.462108023544298e-18
Lossiemouth,7.413169000754716e-18
Great Chart,7.402339061868421e-18
Saint Blazey,7.391525487139255e-18
Park Street,7.294933344072808e-18
Bridge of Allan,7.194390888852393e-18
Torrisholme,7.15771149786259e-18
Branston,7.126425586794664e-18
Bolton upon Dearne,7.100462290636091e-18
Esher,7.095281103563374e-18
North Petherton,7.028283886597572e-18
Stepps,7.028283886597572e-18
Sandycroft,6.997582916260646e-18
Bishops Waltham,6.992479360408897e-18
Meopham,6.987380342676422e-18
Llandudno Junction,6.987380342676422e-18
Cranbrook,6.961940828190752e-18
Crowthorne,6.93153955112965e-18
Godmanchester,6.93153955112965e-18
Uddingston,6.926486492163382e-18
Dursley,6.8611369779554516e-18
Aintree,6.82123847086866e-18
Farington,6.74707516402976e-18
Battle,6.742161138207476e-18
Kimberley,6.673746276471354e-18
Sherburn in Elmet,6.664031695558062e-18
Sawley,6.529551156899071e-18
Rishton,6.510569712711296e-18
Twyford,6.477490205957892e-18
North Berwick,6.416516311539741e-18
Stewarton,6.319272176699464e-18
Budleigh Salterton,6.278063748547569e-18
Southam,6.2416682245910986e-18
Lydd,6.2416682245910986e-18
Alvechurch,6.228075319231358e-18
Downside,6.228075319231358e-18
Pakefield,6.2235517690875325e-18
Chapelhall,6.210000281867038e-18
Muxton,6.1964793167167245e-18
Whetstone,6.191979503539205e-18
Billinge,6.1829888026453665e-18
Cove,6.156099448183789e-18
Dingwall,6.1426992595435095e-18
Cwmafan,6.111551162326463e-18
Sawtry,6.102681834905257e-18
Wingerworth,6.0894025035336035e-18
Kelty,6.071743012406538e-18
Anstey,6.067336868998907e-18
Frampton Cotterell,6.032203624333544e-18
South Elmsall,6.027826568630225e-18
Newbridge,5.9842386366733625e-18
Danbury,5.945287928707746e-18
Coleshill,5.863917901136305e-18
Olney,5.846934970780914e-18
Houston,5.817336316458356e-18
Bothwell,5.7669567469365875e-18
Whaley Bridge,5.754432379987749e-18
Pinhoe,5.750263659193295e-18
Girvan,5.733621114188595e-18
Peasedown Saint John,5.717027834173489e-18
Loanhead,5.692231282019239e-18
Market Weighton,5.647059676142426e-18
Castle Donnington,5.5941529272550596e-18
Waltham,5.582016579420045e-18
Wheathampstead,5.5699074677993035e-18
Weaverham,5.493845211703634e-18
Abercynon,5.489872163892103e-18
Egham,5.466094081493882e-18
Haworth,5.446360587601614e-18
Countesthorpe,5.438487945934945e-18
Treharris,5.3565306605832165e-18
Beith,5.317953857191074e-18
Long Ditton,5.306436846713377e-18
East Leake,5.283480687220887e-18
Chipping Norton,5.283480687220887e-18
Enderby,5.196427804270613e-18
Cheddleton,5.1851829565063156e-18
Sauchie,5.181440102347686e-18
Burwell,5.17770054783409e-18
Newbiggin-by-the-Sea,5.173963281211099e-18
Lydiate,5.173963281211099e-18
Thames Ditton,5.1702293091703546e-18
Hadfield,5.162768720187585e-18
Swanscombe,5.144166937424106e-18
Liss,5.1108579656561116e-18
Stainforth,5.07777207859797e-18
Pontardulais,5.074109901906953e-18
Newarthill,5.07044996388874e-18
Alcester,5.0449082246288045e-18
Marshfield,5.034002408243598e-18
Burntisland,5.0303723954241135e-18
Handforth,5.019499574221414e-18
Southbourne,5.0158803803358126e-18
Calstock,4.9726619730594685e-18
Thrapston,4.922727671114312e-18
Chalford,4.838328376327218e-18
Altofts,4.779453030433645e-18
Blaby,4.765707742337879e-18
Stotfold,4.7520038103587245e-18
Bursledon,4.745166678378267e-18
Garswood,4.728119258106941e-18
Frimley,4.7111351943171464e-18
Bilton,4.700974974626958e-18
Barrowford,4.687463116857452e-18
Landore,4.677356164423868e-18
Rhoose,4.650513317094995e-18
Withernsea,4.647169016407543e-18
Colnbrook,4.640488328216846e-18
Malvern Link,4.633817126258093e-18
Gravesend,4.624724022331719e-18
Bulkington,4.603921072077492e-18
Magor,4.5841009999930894e-18
Pembury,4.544725695700466e-18
Waddington,4.525168771599105e-18
Kingsbridge,4.505699781571434e-18
Orsett,4.502463166838112e-18
Stonewood,4.454204162228194e-18
Wem,4.454204162228194e-18
Llantwit Fardre,4.4510058123635856e-18
Hollington,4.4510058123635856e-18
Rowlands Gill,4.441425442664346e-18
Cottenham,4.438237016204513e-18
Chipping Ongar,4.431866406800272e-18
Kirriemuir,4.331218538276771e-18
Blaenavon,4.3126117840650975e-18
Balloch,4.297169478660405e-18
Strensall,4.287931899939595e-18
Long Ashton,4.2787140376711815e-18
Amble,4.220811660780838e-18
Freckleton,4.202695403399235e-18
Seaton Carew,4.1996837224996085e-18
Stansted Mountfitchet,4.178665597166324e-18
Adlington,4.175671731539779e-18
Market Deeping,4.169691059988013e-18
Tadcaster,4.154777522701299e-18
Staplehurst,4.154777522701299e-18
Fordingbridge,4.139919970403678e-18
Highbridge,4.1044844425160824e-18
New Inn,4.1044844425160824e-18
Ventnor,4.075194884087184e-18
Broughton,4.0693626559136015e-18
Great Warley Street,4.0664497811786736e-18
Farnham Royal,4.063539456525757e-18
Porth,4.05772487883492e-18
Great Burstead,4.051918909655664e-18
Colney Heath,4.034551742007448e-18
Lea Town,4.034551742007448e-18
Saltburn-by-the-Sea,4.0230169540653354e-18
Burghfield,4.014388065738023e-18
Godstone,3.997188078256825e-18
Ashford,3.9950971905295665e-18
Welshpool,3.994328642634116e-18
Crumlin,3.99147170901776e-18
Ormesby,3.977217186852604e-18
Pagham,3.9743725321806375e-18
East Preston,3.96585195879456e-18
Blythebridge,3.94604302987908e-18
Chalfont Saint Giles,3.929145548139605e-18
Chinnor,3.9263368410724945e-18
Okehampton,3.9207249008050965e-18
Briton Ferry,3.890008742034473e-18
Tillicoultry,3.859541885831519e-18
Honley,3.851275535495245e-18
Studley,3.8020606583730735e-18
Bramley,3.7912129130908606e-18
Govan,3.750817366659106e-18
Barrow upon Soar,3.740120862611859e-18
Wellesbourne Hastings,3.721477687446142e-18
Wigton,3.673977730657729e-18
Locharbriggs,3.671357192288378e-18
Stoke Mandeville,3.6582841868561515e-18
Steyning,3.624519249080181e-18
Dyce,3.6219352056013845e-18
Ilminster,3.6141952027331794e-18
Helmshore,3.606471966953711e-18
Gildersome,3.603901236147881e-18
Nailsworth,3.578299354317486e-18
East Calder,3.568111158926489e-18
Callington,3.5579533198968055e-18
Selkirk,3.552885284589262e-18
Crofton,3.5452975749579665e-18
Gorebridge,3.53520693111014e-18
Hungerford,3.5101097951316e-18
Axminster,3.49513994413615e-18
Ibstock,3.4926512872032675e-18
Cumnor,3.48023614809197e-18
Cheddar,3.48023614809197e-18
Ballingry,3.4432640070110743e-18
Galleywood,3.438365253151656e-18
Oundle,3.4310304760968006e-18
Treherbert,3.4115502312891635e-18
Broughton,3.4091231380317833e-18
Sidley,3.3897715788551038e-18
Hoylake,3.3705336689742256e-18
Pinxton,3.344265805137161e-18
Cheadle,3.3418882293207315e-18
Preesall,3.3323960438373808e-18
Hethersett,3.3252950575257117e-18
Ash Vale,3.3134949627046138e-18
Markfield,3.3017378778521533e-18
Hordle,3.2389928003736606e-18
Tarleton,3.234394461565182e-18
Littlemore,3.2206399360540727e-18
Kelso,3.2046690020976525e-18
Humberston,3.1933115626208244e-18
Elderslie,3.1933115626208244e-18
Wadsley,3.186517039401869e-18
Wotton-under-Edge,3.1774811428880154e-18
Brigg,3.175226162477664e-18
West Byfleet,3.175226162477664e-18
Radstock,3.161731618811039e-18
Headley,3.1460628661946602e-18
Leavesden Green,3.143831256668365e-18
Holmes Chapel,3.1282545889768464e-18
Great Bookham,3.1083444674948744e-18
Bagshot,3.0995375634428816e-18
Blean,3.0929494082543994e-18
Great Wakering,3.088565455694284e-18
Marchwood,3.0863760390681805e-18
Arlesey,3.0820014329309714e-18
Askern,3.0515597672899305e-18
Pannal,3.034304442300961e-18
Carnforth,3.0300064817247852e-18
Lexden,3.006479623196312e-18
Gorleston-on-Sea,3.004350396249182e-18
Hengoed,3.004350396249182e-18
Brynmawr,2.9662866159385157e-18
Drighlington,2.9620883195175397e-18
Chickerell,2.934948440607746e-18
Hartford,2.934948440607746e-18
Leiston,2.9204411866241534e-18
Aylsham,2.912184904563358e-18
Longton,2.903952498601527e-18
Bowling,2.903952498601527e-18
Utley,2.903952498601527e-18
Wareham,2.8957444513268474e-18
Dore,2.8957444513268474e-18
Barnard Castle,2.893696055365231e-18
Drayton,2.881437680778116e-18
Balerno,2.8753289337239482e-18
Tidenham,2.8753289337239482e-18
Martlesham,2.8591037429016067e-18
Tetbury,2.846996711644643e-18
Cockenzie,2.842973016336361e-18
Thorpe,2.832939370518075e-18
Rhuthun,2.824938951869397e-18
Wyke Regis,2.8189538507550328e-18
Barton on Sea,2.8109940339676512e-18
Griffithstown,2.8030577433550968e-18
Shenfield,2.7676295742963307e-18
New Alresford,2.765675158739645e-18
Cardenden,2.7442687896422118e-18
Ammanford,2.726881990130592e-18
Bilton,2.7230338496785555e-18
Fishguard,2.7191913291882533e-18
Perranzabuloe,2.7172720443017763e-18
Illogan,2.71343793804792e-18
Dalry,2.7019689207907435e-18
Lindfield,2.6943507064610493e-18
Brotton,2.6943507064610493e-18
Earls Barton,2.6810725970188545e-18
Writtle,2.67351534833478e-18
Malmesbury,2.6678621997563036e-18
Kirton,2.6509761085292386e-18
Freshwater,2.647238772960277e-18
Hartley,2.6286332232218796e-18
Abercarn,2.6156901294827085e-18
Bidford-on-Avon,2.6120042663072632e-18
Sollom,2.6120042663072632e-18
Redbourn,2.6009786485557257e-18
Newton Grange,2.595483913803629e-18
Cuddington,2.580890026822874e-18
Newmains,2.5736248350624818e-18
Polmont,2.559158125833602e-18
Bourne End,2.5573558662372334e-18
Neilston,2.5573558662372334e-18
Alness,2.5394036651481715e-18
Wool,2.5394036651481715e-18
Paulton,2.526914986418075e-18
Murston,2.5215821028748365e-18
Brayton,2.5198072243741576e-18
Roundway,2.5038899578339264e-18
Glyncorrwg,2.4915817500042143e-18
Wincanton,2.4723668523382628e-18
Keswick,2.422441170650748e-18
Tickhill,2.3970282061259705e-18
Tettenhall,2.3919787675407487e-18
Sedgefield,2.368559954226082e-18
Measham,2.3652338978567233e-18
Newent,2.361912675512965e-18
Hunters Quay,2.3470264678727033e-18
Ore,2.342086006181418e-18
Edwinstowe,2.330600224692814e-18
Church,2.327329324293037e-18
Holytown,2.3175446626352767e-18
Quorndon,2.3126686372570197e-18
Holmfirth,2.306183418278783e-18
Ruskington,2.29971723872622e-18
Waterbeach,2.294879812205828e-18
Brixworth,2.2884462159799854e-18
Woodville,2.286840681638237e-18
Pinchbeck,2.2740389511071513e-18
Nursling,2.2486577452621908e-18
Bungay,2.232943266886388e-18
Kinross,2.2220109891381243e-18
Cwmbach,2.217342640726331e-18
Llangefni,2.2157887116681388e-18
Looe,2.2095844677881804e-18
Elstree,2.206489195936742e-18
Great Meols,2.206489195936742e-18
South Molton,2.2033984119426385e-18
Botley,2.1910798129869157e-18
Grangetown,2.1727355192415797e-18
Oakley,2.1696934556583845e-18
Swanwick,2.1666560053761877e-18
Harrogate,2.1640304332204164e-18
Baystonhill,2.1590815187047947e-18
Middleton-on-Sea,2.1560594441631303e-18
Kings Langley,2.148523093652614e-18
Newcastle under Lyme,2.145920262252496e-18
Harleston,2.1410142094107387e-18
Dartmouth,2.136521882058438e-18
Turriff,2.13054741872236e-18
Harlescott,2.13054741872236e-18
Sheriff Hill,2.117167719142055e-18
Treforest,2.115686397481451e-18
Earlswood,2.1142063483349565e-18
Duffield,2.109772229341536e-18
Chipping Sodbury,2.1082964624898503e-18
Whiston,2.1038749736116674e-18
Wirksworth,2.097994977130726e-18
Shipston on Stour,2.097994977130726e-18
Pyrford,2.074644181612183e-18
Heage,2.061627668538463e-18
Henfield,2.0601865519593956e-18
Gresford,2.0573076403444067e-18
Blackrod,2.0444036896006527e-18
Carlisle,1.835192602865575e-18
South Shields,1.7960141009486307e-18
East Kilbride,1.731024669809422e-18
Weston-super-Mare,1.0306550181650489e-18
East Ham,1.0008706871995747e-18
Edgware,8.054130706625647e-19
Chatham,6.6420190141618035e-19
Guildford,5.562134149323375e-19
Paisley,4.700326356069194e-19
West Bromwich,2.990945689877186e-19
Brixton,2.1086663699684148e-19
Bury,1.8697865475491497e-19
Dudley,1.2314590203049375e-19
Chester,1.041513214601346e-19
Southend,8.039855021038347e-20
Peterborough,7.985055473618973e-20
Bradford,7.910952830299322e-20
Cambridge,7.906037820884611e-20
Redditch,2.5917752313293568e-20
Scunthorpe,2.0262862221377004e-20
Edmonton,1.8679956894773154e-20
Hayes,9.900894360810555e-21
Bracknell,5.9185105245038735e-21
Woolwich,4.498538023361645e-21
Stockton-on-Tees,4.3970400951935875e-21
Ealing,4.362929814041181e-21
Derry,4.358079508795868e-21
Nuneaton,1.8811805427132634e-21
Fulham,1.3585868441849211e-21
Bromley,9.25814362796521e-22
Halifax,8.147914415006541e-22
Grimsby,7.699403001317292e-22
Birkenhead,5.723676666700495e-22
Bath,5.604692848426652e-22
Southport,2.6022755601317615e-22
Barnsley,1.658939149498428e-22
Hove,1.2391083412588425e-22
Hartlepool,1.1809851963735556e-22
Hastings,7.862638335016275e-23
Kettering,5.87957912069991e-23
Sutton Coldfield,2.782757802653605e-23
Oldham,1.461717692423011e-23
Watford,1.3131983441649659e-23
Hemel Hempstead,9.695915406181903e-24
Lincoln,9.526373104796211e-24
Wakefield,4.62060647565568e-24
Worcester,1.9790638695765044e-24
Saint Helens,1.1829147707036607e-24
Wembley,1.0826839593842938e-24
Hounslow,8.985676154999287e-25
Wigan,8.095697781932039e-25
Eastbourne,7.681397890175247e-25
Salford,7.278122127650728e-25
Gillingham,6.564059909012692e-25
Fyfield,6.374853710941022e-25
Darlington,3.871025028891534e-25
Stockport,3.4468942738022094e-25
Dagenham,3.009966558533025e-25
Mansfield,2.6888295693268124e-25
Crawley,2.649000523210391e-25
Bedford,2.339078008052005e-25
Rochdale,1.6425340697868806e-25
Walthamstow,9.711070284301595e-26
Rotherham,8.855312369081414e-26
Doncaster,8.514406298555396e-26
Wythenshawe,7.962844114027295e-26
Chelmsford,4.7747587556361437e-26
Colchester,4.1654392997157536e-26
Maidstone,2.793878169193635e-26
Basingstoke,2.272306730095384e-26
Cheltenham,9.805496081235334e-27
Blackburn,6.18422718986224e-27
Gateshead,3.3424523053782605e-27
Preston,1.562415478784981e-27
Romford,1.50480056838824e-27
Solihull,1.3720639926480587e-27
Exeter,1.0447167610487457e-27
High Wycombe,7.809607537901143e-28
Newport,3.743154784116451e-28
Bolton,3.6679972168932906e-28
Tottenham,2.77371096297736e-28
Enfield,1.1997612393143867e-28
Sale,8.636224660152925e-29
Brighton,8.103203960359507e-29
Blackpool,2.378039800783554e-29
Telford,1.2539025942814592e-29
Saint Albans,4.889870647712877e-30
Dundee,4.104285116960361e-30
Harrow,3.399973255919827e-30
Poole,2.2208392834194862e-30
York,1.4780117531712547e-30
Oxford,1.2606724968786536e-30
Huddersfield,3.041583296569682e-31
Slough,2.388595045827055e-31
Warrington,2.038911628065832e-31
Ilford,1.3400291923800723e-31
Sunderland,5.445104319072366e-32
Middlesbrough,5.134466815247369e-32
Ipswich,2.4769874290889115e-32
Worthing,1.6695101183602497e-32
Bournemouth,1.56697858239734e-32
Basildon,1.1535850080336088e-32
Croydon,5.450196232088938e-33
Swindon,5.118003593166979e-33
Islington,1.1596014173348952e-33
Luton,5.819486407734163e-34
Norwich,5.755923587019324e-34
Aberdeen,5.013323940466357e-34
Milton Keynes,1.2836389561826177e-34
Abertawe,3.813916030701786e-35
Wolverhampton,2.0340970357965859e-35
Plymouth,8.466213540002022e-36
Derby,7.230600918212025e-36
Belfast,3.1887192289251158e-37
Reading,2.8041705162294473e-37
Coventry,1.099443088860963e-37
Stoke-on-Trent,7.86959164170743e-38
Caerdydd,5.4068131475970754e-39
Edinburgh,4.539017034235618e-39
Leicester,3.10422025003078e-39
Kingston upon Hull,1.1420597237860606e-39
Sheffield,3.1234590262609853e-40
Bristol,2.1907494997398443e-40
Nottingham,1.5195914625773194e-40
Southampton,8.309411099667827e-41
Portsmouth,8.303707016906078e-41
Liverpool,7.881457686141791e-41
Glasgow,4.1100288979559016e-41
Birstall,9.785792785561047e-42
Newcastle,6.290132448356974e-42
Leeds,4.3461948923530955e-42
Manchester,2.1157955715926918e-42
Birmingham,1.889180142159405e-42
London,5.833645950320793e-43
