Zvëzdnyy,10.0
Enurmino,9.999999999728589
Uelen,9.999999999411777
Lavrentiya,9.999999998834907
Egvekinot,9.999999997883538
Provideniya,9.999999997611177
Logashkino,2.0052279657997603
Ambarchik,2.0052279657997603
Tiyerbes,2.005227965787906
Ust’-Nyukzha,2.005227965787906
Zhilinda,2.005227965787906
Ust’-Olenëk,2.005227965787906
Gyda,2.005227965787906
Yessey,2.005227965787906
Peregrebnoye,2.005227965787906
Laryak,2.005227965787906
Ulkan,2.005227965787906
Strelka,2.005227965787906
Bol’sheretsk,2.005227965787906
Karamken,2.005227965787906
Omchak,2.005227965787906
Shalaurova,2.005227965787906
Khorgo,2.005227965787906
Komsa,2.005227965787906
Pakhachi,2.005227965787906
Indiga,2.005227965787906
Sagastyr,2.005227965787906
Chagda,2.005227965787906
Tunguskhaya,2.005227965787906
Podkamennaya Tunguska,2.005227965787906
Siglan,2.005227965787906
Utkholok,2.005227965787906
Varnek,2.005227965787906
Trofimovsk,2.005227965787906
Matochkin Shar,2.005227965787906
Menkerya,2.005227965787906
Khakhar,2.005227965787906
Olenëk,2.005227965787906
Zemlya Bunge,2.005227965787906
Starorybnoye,2.005227965787906
Agapa,2.005227965787906
Tukchi,2.005227965787906
Numto,2.005227965787906
Nordvik,2.005227965787906
Kovda,2.00522796576815
Mukhomornoye,2.005227965610101
Vorontsovo,2.005227965610101
Il’pyrskiy,2.0052279655883694
Progress,2.005227965519222
Korf,2.0052279654619296
Amderma,2.0052279652505383
Put’ Lenina,2.005227965218928
Bugrino,2.005227965214977
Shoyna,2.005227965214977
Nizhneyansk,2.005227965017416
Sherlovaya Gora,2.005227964995684
Dikson,2.0052279647250244
Mikhalkino,2.005227964681561
Manily,2.0052279644365845
Yerëma,2.0052279643358277
Omolon,2.005227964256804
Ayan,2.0052279639900954
Klyuchi,2.0052279636562163
Chumikan,2.0052279636522647
Verkhoyansk,2.0052279635910204
Nakhodka,2.005227963110946
Eldikan,2.005227962812628
Ust’-Kuyga,2.005227962810652
Artëmovsk,2.0052279624728215
Novyy Port,2.005227962271309
Beringovskiy,2.00522796213104
Evensk,2.0052279618090147
Saskylakh,2.0052279612301587
Chokurdakh,2.0052279608567667
Severo-Kuril’sk,2.005227960854792
Saranpaul,2.0052279599104468
Ust’-Maya,2.005227959758325
Teeli,2.005227959501494
Mezen,2.0052279593533227
Krasnogorsk,2.005227959280225
Ugol’nyye Kopi,2.0052279591557616
Bukachacha,2.005227959145883
Zhigansk,2.005227959092542
Srednekolymsk,2.0052279589147357
De-Kastri,2.005227958665809
Zyryanka,2.0052279586421013
Palana,2.005227958555174
Cherskiy,2.005227958484052
Vitim,2.0052279582153685
Pevek,2.005227957800489
Novyy Uoyan,2.005227957541683
Omsukchan,2.005227957508097
Batagay,2.005227957379682
Khatanga,2.005227956676363
Sangar,2.0052279566546307
Bagdarin,2.005227956453118
Susuman,2.005227956403728
Turukhansk,2.0052279563760695
Ust’-Kamchatsk,2.0052279560500925
Igarka,2.0052279559789703
Chukhloma,2.0052279558999455
Uvat,2.0052279558683357
Nikolo-Pavlovskoye,2.0052279558466037
Lesnikovo,2.005227955818945
Konstantinovskoye,2.005227955789311
Khatukay,2.005227955787335
Bol’shoye Boldino,2.005227955783384
Lyubim,2.005227955779433
Dmitrovsk-Orlovskiy,2.00522795572214
Vereya,2.005227955686579
Mukhorshibir,2.0052279556767005
Russkiy Kameshkir,2.0052279556707737
Vedeno,2.005227955666822
Idrinskoye,2.0052279556628716
Chernyshevskiy,2.0052279556589205
Krasnyy Kholm,2.0052279556529937
Zyryanskoye,2.005227955633237
Berdyuzhye,2.005227955617432
Severnoye,2.00522795557792
Staroye Shaygovo,2.005227955564091
Shebalino,2.005227955564091
Rodniki,2.0052279555561885
Otrado-Ol’ginskoye,2.0052279555542123
Baryshevo,2.005227955544334
Konstantinovka,2.005227955540383
Selty,2.005227955526554
Kyren,2.005227955514701
Komsomol’skoye,2.0052279555048225
Kuba,2.005227955498895
Khatassy,2.005227955490993
Sasykoli,2.0052279554870416
Beya,2.0052279554416024
Syumsi,2.005227955435675
Lomovka,2.0052279554218466
Sechenovo,2.0052279554099925
Avdon,2.0052279554099925
Verkhnerusskiy,2.0052279553843095
Kyshtovka,2.005227955372456
Bogoslovka,2.0052279553645533
Znamenskoye,2.0052279553487486
Zyazikov,2.0052279553447976
Krivosheino,2.0052279553428214
Molchanovo,2.005227955327017
Kolosovka,2.005227955311212
Sedelnikovo,2.0052279553052847
Bol’shoye Sorokino,2.005227955303309
Bilibino,2.005227955299358
Spas-Klepiki,2.005227955275651
Solyanka,2.005227955273675
Shalazhi,2.005227955273675
Komsomolskoye,2.0052279552479915
Pytalovo,2.0052279552302115
Russko-Vysotskoye,2.00522795522626
Zlynka,2.0052279552005774
Tsibanobalka,2.0052279551986016
Yarkovo,2.005227955180821
Linda,2.005227955172918
Mikhaylovka,2.005227955170943
Sebezh,2.0052279551373573
Zdvinsk,2.005227955135381
Paranga,2.0052279551176015
Poretskoye,2.0052279550682113
Piterka,2.005227955062284
Tura,2.005227955052406
Prigorodnoye,2.005227955042528
Nachalovo,2.0052279550385768
Makhkety,2.00522795503265
Pervomayskoye,2.00522795503265
Zhizdra,2.0052279550188206
Bol’shoye Nagatkino,2.005227955016845
Kurumkan,2.0052279550109184
Benoy,2.0052279549733814
Bagan,2.0052279549220158
Alkhazurovo,2.0052279548746004
Altud,2.005227954835088
Shikhany,2.0052279548232343
Okhotsk,2.005227954803478
Kugulta,2.005227954795576
Aginskoye,2.0052279547758194
Zilair,2.0052279547738436
Onguday,2.0052279547718683
Novoyegor’yevskoye,2.0052279547521126
Subkhankulovo,2.0052279547481615
Starobaltachevo,2.0052279547481615
Gergebil,2.005227954700746
Myshkin,2.005227954651356
Gavrilov Posad,2.0052279546315996
Sigayevo,2.005227954627648
Kazminskoye,2.005227954594063
Primorsk,2.005227954582209
Shatrovo,2.0052279545703557
Barabash,2.0052279545644285
Tiksi,2.0052279545466476
Barguzin,2.005227954542697
Vladimiro-Aleksandrovskoye,2.005227954530843
Krym,2.005227954528868
Bol’shaya Kudara,2.005227954522941
Kapustin Yar,2.005227954499233
Dyshne-Vedeno,2.005227954483428
Chernolesskoye,2.0052279544537943
Sudzha,2.005227954430087
Kamennomostskoye,2.005227954428111
Sokur,2.0052279544083547
Zandak,2.0052279544024283
Debesy,2.00522795439255
Spasskoye,2.00522795439255
Novaya Mayna,2.00522795439255
Urvan,2.0052279543234035
Arkhangelskoye,2.0052279543115494
Poshekhonye,2.0052279543075984
Korocha,2.0052279542443787
Mindyak,2.005227954226598
Mundybash,2.0052279542107936
Shemordan,2.00522795419894
Bazarnyye Mataki,2.0052279541535003
Turuntayevo,2.0052279541495492
Alzamay,2.0052279541357194
Ubinskoye,2.0052279541357194
Zaraysk,2.005227954115964
Sharan,2.0052279540942317
Sterlibashevo,2.0052279540922564
Shatsk,2.0052279540823785
Achikulak,2.0052279540804023
Tashtyp,2.005227954060647
Fatezh,2.0052279540507683
Kulary,2.005227954032988
Novobelokatay,2.0052279540310125
Alnashi,2.0052279540250857
Karaidel,2.0052279539934754
Tazovskiy,2.0052279539914997
Yukhnov,2.0052279539835975
Belyayevka,2.005227953969768
Azovo,2.00522795395989
Soligalich,2.005227953957914
Khlevnoye,2.005227953940134
Parabel’,2.005227953918402
Verkh-Tula,2.005227953914451
Mishkino,2.0052279539124744
Krasavino,2.0052279539124744
Takhtamukay,2.005227953892719
Kabansk,2.0052279538788897
Uchaly,2.005227953857158
Ulëty,2.0052279538334505
Verkhniy Avzyan,2.0052279538275233
Novokhopërsk,2.005227953740597
Trunovskoye,2.005227953714914
Umba,2.005227953701084
Sosnovo-Ozerskoye,2.005227953701084
Ivanovka,2.0052279536991087
Chemodanovka,2.005227953691206
Kuybyshevo,2.005227953667499
Odesskoye,2.005227953661572
Temnikov,2.0052279536003277
Lakkha Nëvre,2.0052279535825477
Nikolo-Berëzovka,2.0052279535548885
Kudryashovskiy,2.0052279535489617
Demidov,2.005227953533157
Murashi,2.005227953523278
Vesyegonsk,2.0052279535213033
Velikovechnoye,2.0052279534837667
Sursk,2.005227953452157
Sotnikovo,2.0052279534126445
Khurba,2.0052279534067177
Zubtsov,2.0052279533612785
Strugi-Krasnyye,2.005227953335595
Verkhnevilyuysk,2.0052279533039856
Staraya Mayna,2.005227953300034
Starokucherganovka,2.005227953276327
Oranzherei,2.005227953262498
Divnomorskoye,2.005227953246692
Serzhen’-Yurt,2.005227953244717
Tatarka,2.005227953232863
Yazykovo,2.005227953226936
Usolye,2.005227953226936
Kizhinga,2.0052279532170583
Yermolayevo,2.0052279531696438
Sengiley,2.005227953153838
Dmitriyev-L’govskiy,2.005227953104448
Bizhbulyak,2.005227953072838
Grayvoron,2.0052279530669113
Vozdvizhenka,2.0052279530570334
Baykalovo,2.005227953051106
Berdigestyakh,2.0052279530412283
Shalya,2.005227953023448
Bagrationovsk,2.005227953001716
Yar-Sale,2.0052279529938137
Gamovo,2.0052279529207158
Tsiolkovskiy,2.005227952897009
Spassk-Ryazanskiy,2.005227952861447
Agapovka,2.0052279528456425
Makarov,2.0052279528337884
Verkhneye Kazanishche,2.0052279528219352
Makaryev,2.005227952810081
Sretensk,2.0052279528061305
Bezopasnoye,2.0052279527725445
Orlov,2.005227952754764
Amga,2.0052279527172274
Zavetnoye,2.0052279527033976
Verkhniye Kigi,2.0052279526954955
Verkhniye Tatyshly,2.0052279526796903
Kizilskoye,2.0052279526678376
Sevsk,2.0052279526441295
Supsekh,2.005227952632276
Karagay,2.0052279526065924
Domna,2.005227952596715
Bol’shaya Chernigovka,2.005227952584861
Kamennogorsk,2.0052279525789345
Kurumoch,2.0052279525769587
Levokumka,2.0052279525413974
Aleksandrovskoye,2.0052279525295438
Yetkul,2.0052279524920067
Semënovka,2.0052279524702756
Dovolnoye,2.0052279524248355
Velizh,2.0052279523971777
Ytyk-Kyuyël’,2.005227952381372
Khandyga,2.005227952381372
Psygansu,2.0052279523793968
Zakan-Yurt,2.0052279523695185
Knyaginino,2.0052279523655674
Vizinga,2.0052279523537138
Puchezh,2.0052279523477874
Nizhnyaya Tavda,2.005227952282592
Staryy Cherek,2.00522795217986
Askino,2.0052279521403475
Vengerovo,2.005227952120591
Tommot,2.0052279521067615
Akyar,2.0052279520949083
Berdakel,2.0052279520870053
Magaramkent,2.0052279520712006
Tubinskiy,2.0052279519645175
Polessk,2.005227951956615
Yarkovo,2.005227951944761
Andreapol,2.005227951822273
Okhansk,2.005227951806468
Novosokolniki,2.005227951770907
Durgeli,2.005227951770907
Bednodem’yanovsk,2.0052279517689313
Krasnyy Chikoy,2.0052279517669556
Krasnyy Klyuch,2.005227951725468
Duba-Yurt,2.005227951711638
Koshekhabl,2.005227951668175
Dalakovo,2.0052279516661993
Novolakskoye,2.005227951664224
Krasnogvardeyskoye,2.0052279515733455
Yakshur-Bod’ya,2.005227951561491
Barvikha,2.0052279515575404
Kurush,2.005227951431101
Petropavlovka,2.005227951431101
Lakhdenpokhya,2.005227951397515
Uyskoye,2.0052279512829294
Ivolginsk,2.0052279512236613
Sovetsk,2.005227951178222
Isyangulovo,2.005227951152539
Malmyzh,2.0052279511446365
Kargasok,2.005227951140685
Salair,2.0052279510853683
Kirillov,2.0052279510537585
Kirgiz-Miyaki,2.00522795104388
Ivanovskoye,2.005227950954977
Dno,2.0052279509411477
Kabardinka,2.0052279508917574
Mglin,2.0052279508364403
Yenotayevka,2.005227950761367
Chërnyy Yar,2.0052279507514887
Askarovo,2.005227950725806
Staritsa,2.00522795064283
Belinskiy,2.0052279506072685
Dolgoderevenskoye,2.0052279505954145
Korkmaskala,2.0052279505519515
Benoy-Yurt,2.005227950520342
Malaya Purga,2.005227950461073
Makushino,2.0052279503761214
Bol’sheust’ikinskoye,2.0052279503208044
Baksanenok,2.005227950312902
Staraya Sunzha,2.005227950312902
Arkhipo-Osipovka,2.005227950293146
Gorodishche,2.005227950229926
Molochnoye,2.0052279501627552
Vityazevo,2.0052279501291697
Tukan,2.0052279501094135
Mamonovo,2.0052279500955845
Myskhako,2.0052279500936083
Krasnyy Yar,2.0052279500857058
Abatskoye,2.0052279500837304
Nikolsk,2.0052279500106325
Kozhevnikovo,2.00522794998495
Insar,2.0052279499829737
Krasnokholmskiy,2.0052279499612427
Taseyevo,2.005227949927657
Grabovo,2.0052279499079004
Melnikovo,2.0052279499079004
Zapadnaya Dvina,2.0052279498269003
Olonets,2.0052279498229493
Tolstoy-Yurt,2.0052279498110956
Endirey,2.00522794979529
Medyn,2.005227949787388
Sarmakovo,2.0052279497498517
Verkhnyaya Khava,2.0052279496984853
Khomutovo,2.0052279496392162
Komsomolsk,2.0052279496293384
Novaya Ladoga,2.00522794960168
Kosterëvo,2.0052279495759966
Sychëvka,2.0052279495680945
Olovyannaya,2.0052279495147527
Ketovo,2.005227949390289
Yuryevets,2.0052279492559473
Yadrin,2.005227949238167
Elin-Yurt,2.005227949121605
Vetluga,2.0052279491038245
Bolgar,2.005227949062337
Biryusinsk,2.0052279490208487
Chermen,2.005227948999117
Obluchye,2.0052279489358975
Karmaskaly,2.0052279489358975
Lipki,2.005227948933922
Novoselitskoye,2.005227948927995
Dubovskoye,2.005227948927995
Pochinok,2.005227948926019
Verkhniy Mamon,2.005227948894409
Verkhniye Achaluki,2.0052279488371165
Laishevo,2.0052279488094578
Verkhoturye,2.005227948793653
Ustyuzhna,2.0052279487738964
Gubden,2.0052279487640194
Uglegorsk,2.0052279486454814
Mrakovo,2.0052279486395546
Volchansk,2.0052279485763354
Gremyachinsk,2.005227948556579
Porkhov,2.0052279485348476
Mariinskiy Posad,2.0052279485111395
Belozërsk,2.005227948449896
Gorodovikovsk,2.0052279484261883
Soltsy,2.0052279484163096
Povarovo,2.0052279483550657
Psyzh,2.0052279483511146
Neya,2.005227948293822
Kozlovka,2.0052279482918465
Pudozh,2.005227948230602
Kratovo,2.0052279482167727
Topchikha,2.0052279482128212
Serafimovich,2.0052279481970166
Suoyarvi,2.0052279481851625
Mikhaylovsk,2.0052279481831876
Dzhalka,2.0052279480824304
Yelnya,2.0052279480409436
Verkhnyaya Tura,2.0052279479500648
Bolokhovo,2.005227947942162
Kuvshinovo,2.005227947892772
Vinsady,2.0052279478710395
Kharovsk,2.0052279478315276
Tarusa,2.0052279478275765
Minyar,2.0052279477742347
Chadan,2.0052279477525032
Bichura,2.005227947740649
Ust’-Nera,2.005227947734722
Mikhaylovka,2.005227947724844
Podstepki,2.0052279476596486
Obyachevo,2.0052279476201367
Aniskino,2.005227947616185
Mikhaylovskoye,2.005227947598405
Lesnoy Gorodok,2.0052279475806243
Skovorodino,2.005227947570746
Nizhniye Sergi,2.0052279475470387
Zavyalovo,2.0052279475470387
Pokrovsk,2.0052279475213557
Belousovo,2.005227947458136
Chechen-Aul,2.0052279474344283
Verkhneuralsk,2.005227947355404
Kargat,2.0052279472961354
Navoloki,2.0052279472882333
Verkhneyarkeyevo,2.005227947268477
Krasnoslobodsk,2.0052279472427936
Yutsa,2.0052279471835255
Novogagatli,2.005227947153891
Aniva,2.005227947147965
Shira,2.005227947142038
Bezhetsk,2.0052279471380867
Kirs,2.005227947132159
Sultan-Yangiyurt,2.0052279471222816
Rudnya,2.005227947070915
Aleksandrovsk-Sakhalinskiy,2.0052279470314027
Skopin,2.0052279470175733
Soldato-Aleksandrovskoye,2.0052279470076955
Burayevo,2.005227946995842
Ashukino,2.0052279469523784
Igrim,2.0052279469504026
Dombarovskiy,2.0052279469286707
Bakaly,2.0052279469049634
Valerik,2.0052279468733536
Levokumskoye,2.0052279468377923
Zadonsk,2.0052279468140854
Krasnogvardeyskoye,2.0052279468081577
Kenzhe,2.0052279467054266
Pechory,2.0052279467034504
Kola,2.0052279466619627
Shchuchye,2.0052279466224507
Nolinsk,2.0052279466007183
Aleksandrov Gay,2.005227946588865
Novyye Atagi,2.0052279465691085
Lakha Nëvre,2.0052279465493528
Suzdal,2.0052279465473775
Alkhan-Yurt,2.0052279464802063
Nyurba,2.0052279464742795
Dorogobuzh,2.00522794646045
Totma,2.0052279464367424
Serafimovskiy,2.005227946420938
Suntar,2.0052279463952543
Mikun,2.0052279463735228
Belomorsk,2.005227946326108
Varna,2.0052279463103027
Kushnarënkovo,2.0052279463083273
Zaozërsk,2.0052279462194242
Urzhum,2.005227946211522
Volodarsk,2.0052279461068148
Dylym,2.005227946023838
Vuktyl,2.0052279460179117
Ikryanoye,2.0052279459803746
Krivodanovka,2.0052279459507405
Kargopol,2.0052279459428375
Kosh-Agach,2.0052279459309843
Digora,2.005227945903326
Yermolino,2.0052279458756677
Nogliki,2.0052279458578868
Sylva,2.0052279458282527
Tolbazy,2.0052279458262765
Zavolzhsk,2.0052279458124476
Opochka,2.0052279457591062
Mikhaylov,2.0052279457077398
Luza,2.005227945593154
Ertil,2.005227945527959
Kambarka,2.005227945506227
Zaozërnyy,2.005227945486471
Argayash,2.005227945472642
Tyukalinsk,2.0052279454370807
Buzdyak,2.005227945413373
Vytegra,2.0052279454113973
Magas,2.0052279453936173
Zhatay,2.00522794535608
Taksimo,2.005227945342251
Belaya Kholunitsa,2.0052279452493966
Nevelsk,2.005227945219763
Sudogda,2.005227945178275
Zuyevka,2.005227945168397
Sylva,2.0052279451664208
Ivangorod,2.0052279451565433
Pitkyaranta,2.0052279451051773
Olëkminsk,2.0052279450834454
Vorsma,2.0052279450814696
Zmeinogorsk,2.0052279449984938
Vysokovsk,2.005227944893786
Peschanokopskoye,2.0052279448799566
Malaya Vishera,2.005227944862176
Khilok,2.0052279448522983
Sosenskiy,2.00522794481081
Yuzhno-Sukhokumsk,2.005227944785127
Nadezhda,2.0052279446784436
Praskoveya,2.0052279446270775
Zavitinsk,2.0052279446270775
Khasanya,2.0052279444137113
Khorol,2.005227944352467
Mesyagutovo,2.0052279443070278
Surazh,2.0052279443050525
Kandry,2.0052279443030767
Zasechnoye,2.005227944261589
Kamen’-Rybolov,2.0052279442556618
Neman,2.0052279442121983
Verkhniy Tagil,2.0052279441509544
Borovsk,2.0052279441430514
Shagonar,2.0052279440857586
Karabash,2.0052279440778564
Shalushka,2.005227944067978
Sosnovka,2.005227944022539
Narimanov,2.005227943919807
Alatyr,2.005227943905978
Vilyuysk,2.0052279438881975
Nazyvayevsk,2.005227943876343
Kirensk,2.00522794380127
Baley,2.005227943777563
Zakamensk,2.00522794375188
Kursavka,2.005227943651123
Chulym,2.005227943649148
Korablino,2.005227943641245
Boguchany,2.0052279436175375
Tetyushi,2.0052279435819766
Boguchar,2.0052279435424643
Pionerskiy,2.0052279434594884
Gornozavodsk,2.005227943335025
Chekmagush,2.0052279433211946
Yuryuzan,2.0052279432559996
Sorsk,2.0052279432540248
Nikel,2.0052279432125366
Chkalovsk,2.0052279431631455
Drezna,2.005227943127585
Aginskoye,2.0052279431058526
Zvenigovo,2.0052279430801705
Severnyy,2.0052279429655844
Chegem Vtoroy,2.0052279429399014
Likhoslavl,2.0052279429023647
Kem,2.0052279428826085
Udachnyy,2.0052279427403636
Nyazepetrovsk,2.0052279427186326
Zayukovo,2.005227942659364
Magdagachi,2.0052279426159005
Dolinsk,2.005227942564534
Chaplygin,2.005227942491436
Novaya Lyalya,2.005227942339314
Arkadak,2.0052279423077044
Volosovo,2.0052279421259476
Krasnousol’skiy,2.005227942118045
Islamey,2.0052279420982884
Toropets,2.0052279420054346
Cherlak,2.005227941859239
Botlikh,2.005227941786141
Krasnyy Yar,2.0052279416774823
Sernovodsk,2.0052279416636534
Aleksandrovsk,2.005227941661677
Mesker-Yurt,2.005227941657726
Uren,2.0052279414897987
Bodaybo,2.0052279414759697
Alkhan-Kala,2.0052279414285543
Khvalynsk,2.005227941327798
Kameshkovo,2.005227941120358
El’khotovo,2.0052279411104803
Petrov Val,2.0052279410255287
Kataysk,2.0052279409840414
Yuzha,2.005227940924773
Baykalsk,2.0052279408576017
Yemva,2.005227940855626
Dalmatovo,2.00522794085365
Snezhnogorsk,2.0052279408319182
Shilka,2.005227940790431
Staryye Atagi,2.00522794067782
Surkhakhi,2.005227940650162
Samashki,2.0052279406422597
Adygeysk,2.00522794062843
Kalyazin,2.0052279405790396
Taldom,2.0052279405652103
Gorokhovets,2.005227940521747
Syasstroy,2.0052279404723565
Vyazemskiy,2.0052279403439415
Sim,2.0052279403360393
Fokino,2.005227940247136
Svirsk,2.005227940233307
Gornyak,2.005227940179965
Divnoye,2.005227940128599
Chernigovka,2.005227940033769
Krasnozavodsk,2.0052279399745014
Strunino,2.00522793993894
Petushki,2.0052279399033788
Kaspiyskiy,2.005227939877696
Zabaykalsk,2.005227939820403
Uyar,2.0052279397947195
Belëv,2.005227939769037
Gvardeysk,2.0052279396761827
Kasumkent,2.0052279396663053
Novouzensk,2.0052279396090125
Mogocha,2.005227939561597
Ruza,2.0052279393284747
Alleroy,2.0052279393245236
Akhty,2.0052279393245236
Oboyan,2.0052279393087185
Golyshmanovo,2.0052279392869865
Pervomaysk,2.005227939144742
Kudrovo,2.0052279391348637
Zhukovo,2.005227938986693
Ak-Dovurak,2.0052279389787904
Nikolayevsk,2.005227938820741
Svetlogorsk,2.0052279388148135
Kuleshovka,2.0052279387575216
Kupino,2.0052279385895937
Melenki,2.0052279385658864
Mayrtup,2.00522793849674
Dubovka,2.005227938172739
Novoulyanovsk,2.005227938168787
Trubchevsk,2.005227938147056
Lukoyanov,2.0052279379435674
Geldagana,2.005227937929738
Venëv,2.0052279377321764
Zherdevka,2.0052279377262496
Ochër,2.005227937702542
Yakhroma,2.0052279376057363
Kashin,2.0052279375820294
Lakinsk,2.005227937497078
Medvezhyegorsk,2.005227937477322
Valday,2.005227937400273
Chudovo,2.0052279373706385
Polyarnyye Zori,2.005227937317297
Krasnyy Kut,2.0052279371948085
Tsimlyansk,2.005227937105906
Ust’-Ordynskiy,2.0052279370861497
Agidel,2.0052279369616857
Tsivilsk,2.005227936730539
Katyr-Yurt,2.005227936726588
Arzgir,2.005227936722636
Danilov,2.0052279366752215
Shlisselburg,2.0052279366416363
Karabanovo,2.005227936596197
Nevel,2.0052279365310013
Navashino,2.00522793650927
Chegdomyn,2.0052279364598786
Kondrovo,2.0052279364559276
Udelnaya,2.0052279364302454
Kizel,2.0052279364045615
Sukhinichi,2.005227936369001
Pugachev,2.0052279363551713
Gryazovets,2.0052279363393666
Nerchinsk,2.0052279363334398
Pallasovka,2.005227936291952
Zapolyarnyy,2.0052279361003174
Leninsk,2.005227936046975
Kulunda,2.0052279359719023
Belokurikha,2.005227935857316
Aramil,2.0052279357071696
Boksitogorsk,2.0052279356814857
Pestovo,2.005227935641974
Shchigry,2.005227935596535
Poronaysk,2.0052279355589984
Chaltyr,2.005227935513559
Abaza,2.005227935511584
Krasnovishersk,2.005227935464169
Manturovo,2.0052279352804363
Zelenogradsk,2.005227935199436
Privolzhsk,2.0052279351263382
Sovetsk,2.005227935110533
Svetogorsk,2.0052279350947284
Yasnyy,2.0052279350413866
Anadyr,2.0052279349801427
Bolotnoye,2.0052279349307525
Zhirnovsk,2.0052279348299957
Yasnogorsk,2.0052279347786297
Mamadysh,2.0052279345810677
Kalininsk,2.0052279345514337
Katav-Ivanovsk,2.0052279344506774
Ivdel,2.0052279344190675
Plavsk,2.0052279343558475
Bikin,2.0052279343400428
Talitsa,2.0052279343143598
Barysh,2.005227934249165
Kamyzyak,2.005227934229408
Yaransk,2.005227934227432
Degtyarsk,2.005227934195823
Kasli,2.0052279341721153
Kodinsk,2.005227933968627
Rylsk,2.0052279339073826
Babayurt,2.0052279338718213
Petrovsk-Zabaykal’skiy,2.0052279337769923
Novoanninskiy,2.0052279336169674
Ostashkov,2.005227933569553
Kirsanov,2.0052279333897713
Kozelsk,2.0052279333226
Uchkeken,2.005227933186283
Volgorechensk,2.0052279331329412
Seltso,2.0052279331033067
Kurtamysh,2.005227933053917
Kovdor,2.0052279329669895
Pochëp,2.00522793284055
Novomichurinsk,2.005227932795111
Iglino,2.0052279325955737
Zhukovka,2.0052279324632076
Galich,2.0052279323980122
Pokrov,2.005227932172792
Povorino,2.005227932172792
Menzelinsk,2.005227932113523
Gavrilov-Yam,2.0052279321095714
Turinsk,2.0052279321036446
Kusa,2.005227931953498
Konstantinovsk,2.005227931906083
Baymak,2.005227931720375
Podporozhye,2.005227931688766
Guryevsk,2.005227931639375
Krasnoslobodsk,2.0052279315761554
Shumikha,2.0052279315583754
Raychikhinsk,2.0052279314872528
Nizhnyaya Salda,2.005227931485277
Suvorov,2.005227931333155
Krasnokumskoye,2.005227931331179
Karachev,2.005227931301544
Plast,2.005227931218569
Polyarnyy,2.0052279310269343
Inza,2.0052279309775436
Golitsyno,2.0052279309360554
Sobinka,2.0052279306436644
Kukmor,2.0052279306120546
Kharabali,2.0052279303097857
Avtury,2.0052279303058342
Neftegorsk,2.0052279302663214
Slyudyanka,2.005227929679563
Beloozërskiy,2.005227929659808
Yur’yev-Pol’skiy,2.0052279293911237
Priozërsk,2.0052279291560255
Nytva,2.0052279290453905
Starodub,2.0052279290315616
Vanino,2.005227929025635
Shimanovsk,2.005227928976244
Kavalerovo,2.0052279289485857
Surovikino,2.0052279288932686
Novyy Oskol,2.0052279287391706
Lgov,2.0052279287174386
Sortavala,2.005227928664097
Kalach,2.0052279285989014
Nelidovo,2.005227928502096
Goyty,2.0052279283914616
Dankov,2.0052279282373635
Onega,2.005227928211681
Proletarsk,2.00522792820773
Ekazhevo,2.0052279281998273
Nikolayevsk-na-Amure,2.005227928004241
Uzhur,2.005227927852119
Abdulino,2.005227927832362
Bakal,2.0052279277493867
Kirovgrad,2.0052279277237037
Lebedyan,2.005227927701972
Rayevskiy,2.005227927512313
Ardon,2.0052279274569953
Zverevo,2.0052279273700684
Lodeynoye Pole,2.005227927366117
Kovylkino,2.0052279273068483
Terek,2.005227927294995
Beloyarskiy,2.005227927200165
Yershov,2.0052279271053353
Cherepanovo,2.0052279270658238
Rybnoye,2.0052279268880175
Agryz,2.005227926880115
Bachi-Yurt,2.005227926834676
Nyandoma,2.005227926724041
Volokolamsk,2.0052279266430415
Gubakha,2.0052279266292126
Nizhnyaya Tura,2.00522792652648
Yeniseysk,2.005227926453382
Usman,2.0052279263822594
Tsotsin-Yurt,2.00522792626965
Kyakhta,2.005227926234089
Alagir,2.0052279262103814
Shakhunya,2.0052279261985277
Kubinka,2.005227925985161
Kotelnikovo,2.005227925955527
Pikalëvo,2.0052279259337955
Sergach,2.0052279257638923
Roshal,2.0052279254695247
Ostrov,2.0052279254517447
Kozmodemyansk,2.005227925297647
Tyrnyauz,2.005227925281842
Arsk,2.0052279252284997
Nikolsk,2.0052279251652805
Aldan,2.0052279251198417
Bobrov,2.005227925100085
Okha,2.0052279248827674
Dugulubgey,2.0052279248768397
Elektrougli,2.0052279246694003
Kaltan,2.0052279246338394
Kurovskoye,2.005227924627913
Olenegorsk,2.0052279246219857
Buinsk,2.005227924608157
Osa,2.0052279245192532
Nizhniy Lomov,2.005227924432327
Dudinka,2.0052279242900823
Sysert,2.0052279242624236
Toguchin,2.005227924193277
Karachayevsk,2.00522792418735
Vikhorevka,2.0052279240865936
Bologoye,2.005227924007569
Nerekhta,2.0052279238021047
Pushchino,2.005227923764568
Lyskovo,2.0052279236855433
Chernogolovka,2.0052279236440556
Khotkovo,2.0052279236302266
Tarko-Sale,2.0052279234346404
Palatka,2.0052279234267374
Ryazhsk,2.00522792341686
Svetlyy,2.0052279224863447
Vereshchagino,2.005227922405344
Vilyuchinsk,2.0052279223974416
Kotovo,2.0052279223638565
Omutninsk,2.00522792232632
Semikarakorsk,2.0052279222848317
Ust’-Katav,2.005227922261124
Kommunar,2.005227922235441
Bavly,2.0052279220576357
Nikolskoye,2.005227921779074
Mendeleyevsk,2.005227921680293
Khadyzhensk,2.0052279214195114
Staraya Kupavna,2.0052279214037063
Zvenigorod,2.0052279213306083
Bronnitsy,2.0052279212239252
Lermontov,2.0052279211567545
Kalachinsk,2.0052279208880712
Velsk,2.0052279208110213
Guryevsk,2.005227920621363
Isilkul,2.0052279205601184
Elektrogorsk,2.0052279204672643
Krasnoarmeysk,2.0052279203803374
Krasnouralsk,2.0052279203763863
Fokino,2.005227920216361
Gusinoozërsk,2.005227920206483
Tashtagol,2.005227920157093
Nevyansk,2.0052279199733607
Kolpashevo,2.00522791995558
Zeya,2.005227919835067
Achkhoy-Martan,2.00522791981136
Sredneuralsk,2.005227919671091
Severobaykalsk,2.0052279196473837
Lensk,2.005227919422163
Davlekanovo,2.005227919382651
Unecha,2.0052279192818943
Tayga,2.0052279192522606
Ipatovo,2.005227919224602
Bogotol,2.0052279191396503
Zheleznogorsk-Ilimskiy,2.0052279190981617
Kotelnich,2.005227919021113
Tatarsk,2.0052279189282594
Kuvandyk,2.0052279188610886
Buy,2.00522791877021
Kalach-na-Donu,2.0052279184975745
Sharya,2.005227918440282
Uvarovo,2.00522791841855
Buturlinovka,2.005227917762645
Rodniki,2.0052279177310357
Asino,2.005227917693499
Stroitel,2.005227917618426
Semënov,2.0052279176026206
Neftekumsk,2.0052279174603767
Zernograd,2.005227917284546
Zheleznovodsk,2.0052279168755938
Nar’yan-Mar,2.0052279168617644
Pavlovsk,2.0052279166977884
Atkarsk,2.0052279161406643
Sovetskaya Gavan’,2.0052279161268354
Sasovo,2.0052279160675672
Morozovsk,2.005227916026078
Mednogorsk,2.005227915879883
Kochubeyevskoye,2.005227915866054
Ozëry,2.0052279157080046
Losino-Petrovskiy,2.0052279155795896
Inta,2.0052279155400767
Yanaul,2.005227915407711
Balabanovo,2.0052279152160764
Otradnoye,2.005227915186442
Kireyevsk,2.005227914953319
Kimovsk,2.00522791453844
Zavodoukovsk,2.005227914346805
Novopavlovsk,2.005227914232219
Polysayevo,2.0052279140228038
Labytnangi,2.0052279138864866
Dalnerechensk,2.0052279136948514
Kirovsk,2.0052279136770705
Oktyabrsk,2.0052279135763147
Kamyshlov,2.0052279135644606
Krasnoarmeysk,2.0052279134162903
Severouralsk,2.005227913368875
Bolkhov,2.005227913315533
Kirovsk,2.0052279132938016
Segezha,2.005227913125874
Sosnogorsk,2.005227913117972
Kirzhach,2.005227913106118
Semiluki,2.0052279129954838
Novoaleksandrovsk,2.00522791293819
Dyatkovo,2.0052279129105317
Karasuk,2.0052279126596284
Karpinsk,2.0052279125509695
Mayskiy,2.005227912319823
Sol’-Iletsk,2.00522791229809
Kurchaloy,2.005227911521674
Verkhniy Ufaley,2.005227911482161
Sorochinsk,2.005227911385356
Zarechnyy,2.0052279112470623
Desnogorsk,2.0052279109428177
Maloyaroslavets,2.0052279109033058
Topki,2.0052279107669877
Kholmsk,2.0052279105812802
Kushva,2.0052279103718647
Tara,2.005227910294816
Udomlya,2.0052279102553037
Pokhvistnevo,2.005227910140717
Gusev,2.0052279095342036
Aleysk,2.0052279094472767
Kartaly,2.005227909291203
Yemanzhelinsk,2.0052279090244944
Borzya,2.0052279087360545
Petrovsk,2.005227908726176
Barabinsk,2.0052279086313467
Staraya Russa,2.005227908477249
Gagarin,2.0052279084337856
Gubkinskiy,2.0052279081967113
Ob,2.0052279081315163
Divnogorsk,2.005227908028784
Novaya Usman’,2.005227907981369
Bogdanovich,2.00522790790432
Likino-Dulevo,2.005227907771954
Kostomuksha,2.0052279077620754
Shumerlya,2.0052279074222703
Asha,2.0052279071476593
Dagestanskiye Ogni,2.005227907100244
Dedovsk,2.005227907056781
Slavgorod,2.0052279067051213
Kotovsk,2.0052279065411445
Gorodets,2.0052279061677534
Mozhaysk,2.005227906163802
Kasimov,2.0052279060590945
Kondopoga,2.0052279059484595
Ust’-Dzheguta,2.0052279058101665
Kokhma,2.0052279055513607
Kirov,2.0052279055118487
Blagodarnyy,2.005227905492093
Artëmovskiy,2.0052279050021395
Nartkala,2.0052279048954564
Rostov,2.005227904676164
Dyurtyuli,2.0052279046247974
Zima,2.0052279045872607
Bogoroditsk,2.0052279042889416
Kandalaksha,2.005227903913575
Kudymkar,2.0052279038325747
Marks,2.005227903599452
Novovoronezh,2.0052279035698173
Velikiy Ustyug,2.005227902971206
Serdobsk,2.0052279024160584
Uglich,2.0052279022994965
Mirnyy,2.005227902242204
Primorsko-Akhtarsk,2.0052279022323254
Slantsy,2.0052279015843237
Teykovo,2.005227901578396
Kulebaki,2.0052279015645675
Vyatskiye Polyany,2.00522790147764
Ostrogozhsk,2.0052279014005907
Dobryanka,2.0052279012524203
Nurlat,2.005227901199078
Trëkhgornyy,2.005227901175371
Slobodskoy,2.005227901021273
Chernushka,2.00522790070715
Tynda,2.005227900491808
Shatura,2.0052279001737334
Baltiysk,2.00522789998605
Tavda,2.0052278999090007
Tayshet,2.0052278998931956
Korsakov,2.005227899338048
Sukhoy Log,2.0052278992511203
Furmanov,2.005227898824387
Nizhneudinsk,2.005227898798704
Valuyki,2.0052278982554097
Gulkevichi,2.0052278982119462
Bogorodsk,2.0052278981625555
Vichuga,2.005227897858311
Korkino,2.0052278973090893
Zelenokumsk,2.0052278972735285
Aznakayevo,2.0052278968665522
Blagoveshchensk,2.0052278966452826
Yefremov,2.005227896329184
Mirnyy,2.005227896220525
Luga,2.005227896143476
Millerovo,2.0052278959024505
Kinel,2.0052278953275464
Svetlograd,2.005227895189253
Protvino,2.0052278950667652
Vyazniki,2.005227894952179
Chernyakhovsk,2.0052278949067404
Kamenka,2.0052278948257403
Boyarka,2.005227894748691
Koryazhma,2.0052278934862726
Irbit,2.0052278933657597
Sokol,2.0052278928600016
Frolovo,2.0052278928066607
Kyshtym,2.005227892715782
Beslan,2.005227892652562
Lesozavodsk,2.005227892642684
Partizansk,2.0052278925932936
Sharypovo,2.005227892441171
Rezh,2.0052278924095615
Kizilyurt,2.005227892372025
Argun,2.0052278919729503
Yugorsk,2.005227891876145
Malgobek,2.0052278918366326
Goryachiy Klyuch,2.005227891771437
Tosno,2.0052278917042665
Dalnegorsk,2.00522789168451
Alapayevsk,2.005227891670681
Uryupinsk,2.0052278914849726
Uchaly,2.005227891307167
Yuzhnouralsk,2.0052278912716064
Akhtubinsk,2.005227890965386
Bol’shoy Kamen’,2.0052278906512626
Izobil’nyy,2.005227890536677
Zavolzhye,2.005227890279847
Lyudinovo,2.0052278902067493
Krasnyy Sulin,2.005227890173164
Alekseyevka,2.005227890084261
Kurchatov,2.0052278900546265
Mtsensk,2.005227890042773
Usinsk,2.005227889991407
Krasnoufimsk,2.0052278899538702
Novodvinsk,2.005227889876821
Baksan,2.0052278897977964
Konakovo,2.005227889774089
Abinsk,2.0052278896535762
Mariinsk,2.005227889475771
Sayansk,2.0052278888218424
Kachkanar,2.005227888766525
Rtishchevo,2.0052278887487445
Pereslavl’-Zalesskiy,2.005227888551183
Yelizovo,2.0052278883318895
Morshansk,2.005227888043449
Novozybkov,2.005227887326301
Apsheronsk,2.005227887253203
Yalutorovsk,2.0052278868482016
Amursk,2.005227886573591
Tutayev,2.0052278864787616
Belaya Kalitva,2.005227886239712
Zainsk,2.0052278860599304
Chebarkul,2.005227886036223
Sovetsk,2.005227885822856
Uray,2.0052278856786367
Pechora,2.005227885492929
Pyt’-Yakh,2.0052278847975114
Spassk-Dal’niy,2.005227884556487
Temryuk,2.005227884544633
Myski,2.0052278840586313
Karabulak,2.005227883880826
Verkhnyaya Salda,2.0052278838511914
Strezhevoy,2.005227883738581
Gay,2.0052278835844835
Tulun,2.0052278835429957
Ust’-Kut,2.0052278834461896
Mozdok,2.005227883369141
Krasnoznamensk,2.0052278832881405
Satka,2.0052278832308477
Korenovsk,2.005227882794237
Monchegorsk,2.0052278826361873
Safonovo,2.005227882541357
Osinniki,2.005227881934844
Shebekino,2.0052278819131115
Kolchugino,2.0052278806803274
Birsk,2.005227879726105
Rasskazovo,2.00522787935864
Yartsevo,2.0052278786889066
Kuybyshev,2.0052278785446864
Kamen’-na-Obi,2.0052278777662935
Kimry,2.005227877412658
Chusovoy,2.0052278773415364
Volkhov,2.0052278771657064
Nadym,2.0052278770234615
Parma,2.0052278769049243
Ruzayevka,2.005227876414972
Kanash,2.0052278759526776
Torzhok,2.0052278756385546
Aksay,2.0052278748937473
Megion,2.005227874557893
Berëzovskiy,2.005227874504551
Gryazi,2.0052278739573053
Zarinsk,2.005227873749865
Kotelniki,2.0052278734219136
Vyshniy Volochëk,2.005227873135449
Otradnyy,2.0052278725980814
Livny,2.005227872517081
Kingisepp,2.0052278723353245
Donetsk,2.005227871432468
Kashira,2.0052278709464666
Shelekhov,2.005227870784466
Kurganinsk,2.0052278701107804
Salekhard,2.005227869976439
Lesnoy,2.0052278688918252
Buguruslan,2.0052278685184337
Kizlyar,2.005227868514482
Mozhga,2.005227868354458
Novovyatsk,2.0052278680640425
Roslavl,2.005227866805575
Borovichi,2.005227866742355
Moskovskiy,2.0052278666969157
Nazarovo,2.005227866242524
Cheremkhovo,2.005227865408814
Kirishi,2.0052278652784237
Snezhinsk,2.005227864956398
Severomorsk,2.0052278646383237
Uzlovaya,2.005227864343957
Solnechnogorsk,2.0052278638421503
Timashevsk,2.0052278632237828
Belorechensk,2.005227862913611
Arsenyev,2.005227862145096
Vyazma,2.0052278620759494
Krasnokamensk,2.0052278614733865
Gudermes,2.005227861281752
Vyksa,2.0052278606673357
Zhigulevsk,2.005227860295919
Krasnokamsk,2.005227859853381
Svobodnyy,2.0052278597605273
Liski,2.0052278593278676
Sertolovo,2.005227858142498
Volzhsk,2.005227858099034
Gus’-Khrustal’nyy,2.0052278580713754
Dzerzhinskiy,2.0052278558270755
Apatity,2.0052278557401477
Vorkuta,2.0052278549992923
Shali,2.005227854726657
Klimovsk,2.005227854700974
Iskitim,2.0052278539838255
Neryungri,2.00522785317975
Krymsk,2.0052278527451146
Krasnotur’insk,2.0052278521820637
Salsk,2.005227851968697
Pavlovo,2.0052278519528923
Tikhoretsk,2.0052278516743307
Mikhaylovka,2.005227851559744
Prokhladnyy,2.0052278514530615
Berëzovskiy,2.005227851435281
Aleksin,2.005227851435281
Meleuz,2.005227851214012
Shuya,2.005227850996694
Tikhvin,2.0052278509532306
Nyagan,2.0052278505600825
Lytkarino,2.0052278500246907
Izberbash,2.005227849858739
Aleksandrov,2.0052278485982957
Rzhev,2.0052278484125887
Lesosibirsk,2.0052278482090995
Urus-Martan,2.00522784736156
Kumertau,2.0052278469466804
Labinsk,2.0052278469466804
Belebey,2.005227846899267
Sayanogorsk,2.005227846644412
Fryazino,2.0052278464073376
Sibay,2.005227844769552
Lysva,2.005227843809402
Kotlas,2.005227843704695
Polevskoy,2.005227843609866
Naro-Fominsk,2.0052278433154984
Chistopol,2.0052278429243264
Zelenogorsk,2.005227842835424
Tuapse,2.005227842788009
Budënnovsk,2.00522784234152
Leninogorsk,2.0052278422703975
Borisoglebsk,2.0052278419977623
Revda,2.0052278419622014
Rossosh,2.0052278416856146
Klintsy,2.0052278414702727
Novaya Balakhna,2.005227841179858
Volsk,2.0052278409250026
Gorno-Altaysk,2.0052278409210516
Donskoy,2.00522784009722
Asbest,2.005227839188436
Gukovo,2.0052278376514074
Buynaksk,2.005227837234552
Ishim,2.005227837112064
Zarechnyy,2.005227837084405
Kungur,2.005227836831526
Ishimbay,2.005227836558891
Pavlovskiy Posad,2.005227836539136
Beloretsk,2.0052278364502327
Vidnoye,2.0052278351048383
Belogorsk,2.005227835055447
Slavyansk-na-Kubani,2.005227834853935
Stupino,2.0052278347433004
Georgiyevsk,2.005227833334686
Oktyabrskiy,2.0052278326787816
Kstovo,2.0052278317146808
Minusinsk,2.005227831451924
Sosnovyy Bor,2.0052278314400698
Tuymazy,2.0052278309599956
Chekhov,2.005227826431883
Verkhnyaya Pyshma,2.0052278250627813
Kirovo-Chepetsk,2.00522782342302
Belovo,2.005227822537944
Chapayevsk,2.005227822026259
Vsevolozhsk,2.005227821856357
Novoaltaysk,2.0052278207203775
Birobidzhan,2.0052278203568634
Yegoryevsk,2.0052278200743507
Troitsk,2.005227819787887
Yelabuga,2.0052278195508126
Mineral’nyye Vody,2.005227819333495
Dubna,2.005227817351952
Shadrinsk,2.0052278169489264
Chernogorsk,2.0052278168086577
Anzhero-Sudzhensk,2.005227815232116
Balashov,2.005227814127747
Gelendzhik,2.0052278132663783
Usol’ye-Sibirskoye,2.005227812881133
Bor,2.0052278115851285
Kropotkin,2.0052278114152258
Vyborg,2.005227810806736
Ozërsk,2.0052278092104383
Ivanteyevka,2.005227809050413
Klin,2.0052278089694138
Azov,2.0052278063339415
Novouralsk,2.00522780538367
Anapa,2.0052278048996444
Yurga,2.005227804283252
Ust’-Ilimsk,2.005227803854543
Kuznetsk,2.005227803261859
Chaykovskiy,2.0052278016793905
Zheleznogorsk,2.00522780013841
Kineshma,2.0052278001107515
Dmitrov,2.005227799049845
Yeysk,2.0052277963788128
Bugulma,2.0052277957367375
Shchëkino,2.0052277957308107
Buzuluk,2.0052277952803705
Novotroitsk,2.005227794968223
Gubkin,2.0052277943636843
Lobnya,2.0052277915187973
Kamensk-Shakhtinskiy,2.0052277899837434
Kansk,2.0052277889742043
Kiselëvsk,2.005227788264958
Velikiye Luki,2.005227785167192
Magadan,2.0052277825060374
Glazov,2.005227781964719
Michurinsk,2.0052277814234003
Voskresensk,2.0052277809591303
Mikhaylovsk,2.0052277807753978
Gatchina,2.005227779216637
Solikamsk,2.005227778859051
Sarov,2.0052277773575824
Leninsk-Kuznetskiy,2.005227775873895
Mezhdurechensk,2.0052277755577963
Ukhta,2.005227774001011
Votkinsk,2.0052277730863013
Serov,2.00522777266747
Sarapul,2.005227772375079
Khanty-Mansiysk,2.0052277708301474
Tobolsk,2.005227770446878
Zelënodol’sk,2.00522776925163
Zheleznogorsk,2.0052277667840865
Novokuybyshevsk,2.005227764146639
Noginsk,2.0052277631252458
Elista,2.005227762058413
Berdsk,2.0052277611772884
Yelets,2.005227759654088
Arzamas,2.0052277592629166
Sergiyev Posad,2.0052277591996965
Achinsk,2.0052277578464
Pushkino,2.005227757421643
Artëm,2.005227755025221
Noyabrsk,2.00522775465578
Reutov,2.0052277544364876
Seversk,2.0052277525952134
Zhukovskiy,2.005227752452969
Novoshakhtinsk,2.005227751759527
Yessentuki,2.0052277510996714
Dolgoprudnyy,2.00522775074011
Murom,2.0052277503232547
Kamyshin,2.005227746316706
Novyy Urengoy,2.0052277420612303
Oktyabr’skiy,2.0052277407276886
Obninsk,2.0052277385545114
Kyzyl,2.005227736606555
Dimitrovgrad,2.00522773652753
Ramenskoye,2.0052277364840667
Nevinnomyssk,2.0052277337794484
Nazran,2.005227732811396
Orekhovo-Zuyevo,2.0052277310610016
Cherkessk,2.0052277240021263
Derbent,2.0052277213844354
Kaspiysk,2.005227720854971
Pervouralsk,2.005227719948163
Shchelkovo,2.0052277176031064
Novomoskovsk,2.0052277175774242
Serpukhov,2.00522771724157
Novocheboksarsk,2.005227715643296
Bataysk,2.0052277153607836
Neftekamsk,2.005227715289661
Nefteyugansk,2.005227714400634
Domodedovo,2.0052277132251426
Kislovodsk,2.005227711389795
Kovrov,2.005227692082104
Khasavyurt,2.005227686734113
Maykop,2.0052276853294497
Kolomna,2.0052276810719984
Berezniki,2.005227679116139
Rubtsovsk,2.0052276786854546
Pyatigorsk,2.00522767769172
Odintsovo,2.005227676233716
Kopeysk,2.0052276742600754
Orekhovo-Borisovo Yuzhnoye,2.0052276739834896
Nakhodka,2.005227666659883
Miass,2.0052276657985137
Salavat,2.0052276631808237
Almetyevsk,2.0052276610451836
Elektrostal,2.0052276526567203
Zlatoust,2.005227633947642
Novocherkassk,2.0052276323908567
Kamensk-Ural’skiy,2.0052276300932164
Ussuriysk,2.005227628649041
Volgodonsk,2.0052276270468177
Krasnogorsk,2.0052276264106688
Syzran,2.0052276235124413
Norilsk,2.005227615278077
Petropavlovsk-Kamchatskiy,2.0052276077944455
Abakan,2.0052276068204673
Severodvinsk,2.005227602302235
Rybinsk,2.005227589593102
Armavir,2.0052275890399294
Balakovo,2.005227587951366
Yuzhno-Sakhalinsk,2.0052275807956876
Prokopyevsk,2.0052275777848503
Lyubertsy,2.0052275752185253
Biysk,2.0052275645442768
Mytishchi,2.0052275600220932
Pskov,2.0052275512444355
Korolëv,2.0052275276220053
Velikiy Novgorod,2.0052275260474404
Staryy Oskol,2.005227524534119
Blagoveshchensk,2.0052275224419427
Kolpino,2.005227519711643
Angarsk,2.0052275185796153
Noginsk,2.005227511947476
Orsk,2.005227510598131
Bratsk,2.0052275082511004
Dzerzhinsk,2.005227507865855
Shakhty,2.0052275005659577
Nizhnekamsk,2.005227497092827
Khimki,2.005227482437716
Syktyvkar,2.005227481163444
Komsomol’sk-na-Amure,2.005227472279104
Taganrog,2.0052274713367355
Engels,2.005227442289271
Nalchik,2.0052274419494647
Yoshkar-Ola,2.00522743896036
Novorossiysk,2.0052274308623153
Kostroma,2.0052274172819398
Nizhnevartovsk,2.0052274172424274
Petrozavodsk,2.0052274154979597
Sterlitamak,2.0052274121749756
Tambov,2.005227392158049
Groznyy,2.0052273895462864
Murmansk,2.005227376884572
Podolsk,2.0052273737947113
Vladikavkaz,2.0052273593371646
Yakutsk,2.005227357493916
Orël,2.0052273501564835
Vologda,2.005227347416306
Saransk,2.005227343905639
Cherepovets,2.005227335870816
Kurgan,2.0052273295765084
Volzhskiy,2.0052273216483676
Smolensk,2.0052273141449843
Kaluga,2.0052272903605637
Chita,2.005227280095273
Arkhangelsk,2.0052272714025703
Nizhniy Tagil,2.0052272630951125
Vladimir,2.005227262156696
Surgut,2.0052272534205304
Belgorod,2.0052271930754
Bryansk,2.005227162615385
Ivanovo,2.005227161864652
Sochi,2.005227152794609
Magnitogorsk,2.0052271395244112
Tver,2.005227137307773
Ulan-Ude,2.0052271124960406
Stavropol,2.0052271092264005
Kursk,2.0052270786320485
Balashikha,2.0052270752577
Kaliningrad,2.0052270272799277
Tula,2.0052270071978184
Cheboksary,2.00522699874812
Kirov,2.0052269751000305
Lipetsk,2.005226957376805
Penza,2.005226931126834
Naberezhnyye Chelny,2.005226919132887
Astrakhan,2.005226913784903
Ryazan,2.0052269036737163
Novokuznetsk,2.0052268750609143
Kemerovo,2.0052268655483387
Orenburg,2.0052268506858035
Tomsk,2.0052268342941444
Makhachkala,2.005226794315648
Vladivostok,2.0052267674216346
Yaroslavl,2.0052267644779715
Khabarovsk,2.005226748351047
Irkutsk,2.005226733545808
Ulyanovsk,2.005226732000879
Barnaul,2.0052267146490763
Izhevsk,2.005226689013532
Tolyatti,2.0052265682423944
Tyumen,2.005226494856323
Saratov,2.0052262958213953
Krasnodar,2.005226224351701
Volgograd,2.0052259594026194
Voronezh,2.0052258962562086
Perm,2.005225895355331
Krasnoyarsk,2.005225824509978
Ufa,2.005225761893046
Rostov,2.005225742652589
Samara,2.005225654896044
Omsk,2.0052256377635658
Chelyabinsk,2.005225590388472
Kazan,2.0052255091336764
Nizhniy Novgorod,2.005225468485539
Yekaterinburg,2.0052250639641227
Novosibirsk,2.005224799070885
Saint Petersburg,2.0052173925322982
Moscow,2.0051941343560045
