Bogo,10.0
San Antonio,8.233475980877802
Siaton,7.130717472506039
Mabinay,4.6654351890549455
Buhi,4.057006464383828
Cabiao,4.034871344569577
Bantayan,3.7320676679531646
Echague,3.6944798453571726
Poblacion,3.556556974425188
San Jose,3.408711279911137
Malapatan,3.2180301378019056
Matalam,2.821685312314762
Bulacan,2.2654382912764954
Kapalong,1.7982468551887778
Jose Abad Santos,1.7946631572257905
Bais,1.7227810647983106
Talipao,1.1566578598779207
Macabebe,1.1122666622933288
Alabel,1.0437666305131508
Santa Catalina,1.0137346023580691
Calauan,0.9514176996855594
Tanjay,0.8802741293720656
Passi,0.8699523880027051
Kalibo,0.8193621935174318
Calatrava,0.8042257833726789
Batarasa,0.7637892664018865
Indanan,0.6241636594248803
Libon,0.5719369540121443
Taytay,0.5680496363454315
Pototan,0.5178822982462257
Bauang,0.49910323759810404
Pagbilao,0.4947582408980399
Maco,0.4255354582704275
Murcia,0.42184303636977083
Robles,0.42037324706631907
Lamitan,0.39170872895416164
Carmen,0.35461938294746614
Science City of Muñoz,0.34871877563460807
Ipil,0.3468389494620806
Pilar,0.31741943942678263
San Francisco,0.3107697821482419
Calaca,0.24298392497816468
Santa Barbara,0.20992727017520524
Bolinao,0.19599691058887558
Balagtas,0.17292332922734877
Nabunturan,0.16992667877862455
Gumaca,0.16458857262289012
Barili,0.16226138073234062
Guinobatan,0.15063387907692033
Dapitan,0.14271667950376216
Ubay,0.14075731637278188
Virac,0.13274052587195873
Solana,0.13181598299997394
Lambunao,0.13149188687394872
Cabadbaran,0.13136766332998617
Prosperidad,0.11670432653928543
Baggao,0.10124143122400833
Umingan,0.09125559435246167
Mangatarem,0.0903191316544513
Narra,0.08789695789629623
Jaen,0.08562123343670441
Tagoloan,0.08293853405629725
Calauag,0.08208909725601288
San Fabian,0.080612964472292
Calabanga,0.08001202013617724
Binmaley,0.07860303084553126
Sablayan,0.07046745926475136
Camiling,0.06546526647676756
Kawit,0.05345955390738401
Argao,0.040041507283941215
Makilala,0.03745863161953489
Nabua,0.036674175836705264
Banga,0.03299622830051603
Bongabong,0.030588663197735153
Daanbantayan,0.022050171636499947
Talakag,0.02067876965913766
Surallah,0.019969887348203375
Alicia,0.01821129560290314
Tagaytay,0.01360168058221092
Catanauan,0.012342078892686653
Maasin,0.007973068223542466
Hinigaran,0.00768050539012448
Pongotan,0.005901350069798971
Sipalay,0.0050535160876455714
Aroroy,0.004654376860215929
Tupi,0.004651899916314788
Pinamalayan,0.004638018817128506
Pozorrubio,0.0032162387217535278
Manaoag,0.0030575050085068353
Santa Rosa,0.002978564313976251
Bamban,0.002975969532058807
Bula,0.0028840659783147433
Baras,0.002575652876494559
Borongan,0.0025689474978236224
Dumangas,0.0021805446983300123
Infanta,0.0021264940943030376
Balamban,0.0019312884635121577
Bacacay,0.001831297719808536
Compostela,0.0014954928944695414
Gerona,0.0014240995638164855
Victorias,0.0010100876782724582
Carles,0.0009666964257935269
Limay,0.0008962852232424907
Oas,0.0008157559989460012
Polangui,0.0007909933703967495
Lala,0.0006699035224889804
Siasi,0.000657588287368238
Tumauini,0.0006278023085342895
Tinambac,0.00058790692746757
Miagao,0.0005844557067455158
Dalaguete,0.0005519885621149736
Bugallon,0.00048713747877058677
Salaman,0.0004588772461115567
Binalbagan,0.0004563490859042001
Pandi,0.0003860454868119659
Bagumbayan,0.00038328749768941177
Balingasag,0.0003826493522976511
Cawayan,0.00037445152488184825
Oton,0.0003733942710636775
Kabacan,0.00035936816403272327
Talibon,0.000355028541435689
Don Carlos,0.0003520880220400798
Parang,0.0003496387357894519
Orani,0.0003377548635912615
Camalig,0.0003363547203157585
Pigcawayan,0.0003075182212970292
Pili,0.0002613862324120394
Alaminos,0.0002285028861328018
Brookes Point,0.00021702592839438524
San Fernando,0.00020088935742533818
Esperanza,0.00017261862180411707
Pinamungahan,0.000153953484583669
Hermosa,0.00014270736437108664
Lupon,0.00013403350293583337
Palimbang,0.00012719438312277538
Aparri,0.00012000722175424278
Indang,0.00011523598702833307
Isulan,0.00010318260865770231
Balayan,0.00010177349091894978
San Pascual,0.00010001098758291388
Roxas,9.481767406640902e-05
San Leonardo,9.040880566700428e-05
Santa Cruz,8.067600288750261e-05
Cuyapo,7.334145287521925e-05
Sipocot,6.328595215140644e-05
Bauan,6.291263557478133e-05
Castillejos,6.258112421911346e-05
Pililla,6.11465292305328e-05
Alamada,5.146635098967071e-05
San Mateo,4.7871570091745854e-05
La Carlota,4.652131334277093e-05
Bongabon,3.67952318198791e-05
Rizal,3.4379457451123094e-05
La Paz,3.253323991581531e-05
Janiuay,2.978760234349481e-05
Tuburan,2.8888161900241476e-05
Pateros,2.830401310253151e-05
Mauban,2.784103144181697e-05
Victoria,2.5659765635925224e-05
Agoo,2.520145492305818e-05
Aliaga,2.2428387966754808e-05
Paniqui,2.2351504628754483e-05
Atimonan,2.0566967116134845e-05
Hilongos,2.055093832865495e-05
Goa,1.8673436909471037e-05
Rosales,1.565586432996774e-05
Nagcarlan,1.536746060385186e-05
Lutayan,1.5037853059481334e-05
Tangub,1.4829787065172108e-05
Lemery,1.4563751681578116e-05
Saravia,1.3832787234026579e-05
Kapatagan,1.3125175427236628e-05
Tigbauan,1.171929545165595e-05
San Jose,1.026817874038678e-05
Villasis,8.80295878801901e-06
Patikul,8.49884299502197e-06
Parang,7.784708373698387e-06
Isabela,7.631945366897864e-06
Bay,7.614518381712996e-06
Catarman,7.411944724574958e-06
Escalante,7.228046132653129e-06
Lantapan,5.762076881225891e-06
Roxas,5.7490054935427515e-06
Buenavista,5.09787696614639e-06
Bislig,5.080990103250471e-06
Tuao,4.802930903075094e-06
Bayombong,4.720386755579617e-06
Opol,4.688483071571757e-06
San Rafael,4.641406844142213e-06
Aurora,4.583722900462932e-06
Laoang,4.206999693715298e-06
Monkayo,3.837664769119283e-06
M’lang,3.399233274422407e-06
Kiamba,3.3572922866791042e-06
Calasiao,3.1924298475288875e-06
Quezon,3.167252591289316e-06
Lopez,3.1615940085288923e-06
Sultan Kudarat,3.0823821065322687e-06
Masbate,2.679614905635471e-06
Candon,2.428276294789316e-06
Bansalan,2.120462091346362e-06
Calinog,2.078553058968051e-06
Sibalom,1.920634296327465e-06
Carmen,1.8074364717808467e-06
Santa Barbara,1.7960157446730062e-06
Guihulñgan,1.744663708750439e-06
Balanga,1.6305126778039355e-06
Itogon,1.3439444822603607e-06
Poblacion,1.2419401198450423e-06
Jose Pañganiban,1.177513330647006e-06
Abuyog,1.1205777118864279e-06
Gubat,1.0907901093779372e-06
Solano,1.0773766479578576e-06
Maasin,1.0396519284349667e-06
Sibulan,1.0298721886593124e-06
Cambanugoy,9.350675884567488e-07
Angat,8.792036428419097e-07
Obando,8.541090856480616e-07
Paracale,8.249607412580873e-07
Baao,6.644555780173125e-07
Pulilan,6.514924649285282e-07
Carmona,5.507901795513021e-07
Cabatuan,4.963159783776784e-07
Mamungan,4.7584307229649306e-07
Ragay,4.218553293410836e-07
Santa Cruz,4.0337196432466563e-07
Morong,3.9402327931410307e-07
Palompon,3.9123441347070464e-07
Santo Domingo,3.480270917594328e-07
Tacurong,3.2096725668493985e-07
Castilla,3.206034112148975e-07
Moncada,3.116686906308402e-07
Teresa,3.04704692616894e-07
Botolan,2.9455630319902436e-07
San Remigio,2.650174460081961e-07
Milagros,2.4981886064398876e-07
Ilog,2.3551175643054903e-07
Asingan,2.2996196260619745e-07
Masantol,1.8748106929352044e-07
Jinoba-an,1.5818895003461751e-07
Matanao,1.5131227084932626e-07
Sindangan,1.4662089514798803e-07
Irosin,1.4186104578693687e-07
Gattaran,1.4176276134096094e-07
Kananya,1.335670336884326e-07
Tulunan,1.279608819961729e-07
Calatagan,1.2242635644568852e-07
Tiaong,1.210484150392854e-07
Guiguinto,1.1955387545356352e-07
Santa Cruz,1.190102426659216e-07
Tayabas,1.155804708943486e-07
Tandag,1.1545266495872363e-07
Taal,1.1254546059020304e-07
Malvar,1.0821278786041904e-07
Baganga,1.0607439423297218e-07
Uson,1.0088114356449058e-07
San Fernando,9.882312977643969e-08
Bulan,9.42257991020861e-08
Orion,9.001931354111268e-08
Manolo Fortich,8.595849359334765e-08
Placer,7.980529743848953e-08
Bongao,6.923094158586082e-08
Pavia,6.85459973519566e-08
Basey,6.304587721735649e-08
Lagonoy,6.24067965589931e-08
Rosario,6.21108311787998e-08
San Mariano,5.851052677413011e-08
Medellin,5.702264011485469e-08
Tigaon,5.4751821961507483e-08
Alangalang,5.3397876757994643e-08
Batac,5.2183966605729065e-08
San Francisco,5.144836207105583e-08
Santa Ana,5.137886143651129e-08
Sigaboy,4.903906824465851e-08
Tanauan,4.621252835136715e-08
Manapla,4.104953466077917e-08
New Corella,4.1021949276354864e-08
Esperanza,3.9853730982974536e-08
Boac,3.799888611606055e-08
Naval,3.704273793534796e-08
Binalonan,3.379549288807954e-08
Mansalay,3.330188877187645e-08
Canlaon,3.277183803675402e-08
Jasaan,3.209995119400287e-08
Naguilian,2.704578549032826e-08
Barotac Nuevo,2.573035971607539e-08
San Luis,2.505579718146875e-08
Maramag,2.4231653042051665e-08
Cawayan,2.3040970697170695e-08
Talisay,2.2305249685010507e-08
Vigan,2.1556420356077513e-08
Magsaysay,2.1513686680393372e-08
Santa Maria,1.8790061844141552e-08
Upi,1.7731845740534168e-08
Bambang,1.6066729784367088e-08
Cavite City,1.510187508838417e-08
Hagonoy,1.4811668523397635e-08
Paombong,1.4666819778242659e-08
Roxas,1.3800573934946069e-08
San Simon,1.3773521953682695e-08
Naujan,1.3318398241415037e-08
Pangantocan,1.31402936315625e-08
Mulanay,1.3114565232039692e-08
Tiwi,1.3088888472934443e-08
Guiuan,1.2032205749596424e-08
Malay,1.1891874413702018e-08
Ibaan,1.1868648771413762e-08
Bayugan,1.1658707095915362e-08
San Manuel,1.163136605235203e-08
Lingayen,1.1095984488246295e-08
Burauen,1.0166699131988943e-08
Ramon,1.0003089081867402e-08
Lian,9.702769834687725e-09
Diffun,9.14729922925316e-09
Maluñgun,8.980729797414322e-09
Minalabac,8.147835817894526e-09
Ajuy,7.531426928773848e-09
Catbalogan,7.519816241326567e-09
Bato,6.92257543539449e-09
Quezon,6.457052488540078e-09
Samal,6.428115984918242e-09
Molave,6.3640887484458965e-09
San Joaquin,5.915735785353293e-09
Pontevedra,5.818096420844687e-09
Alfonso,5.71845018672232e-09
Tagkawayan,5.692902420538539e-09
Coron,5.588303826863858e-09
San Ildefonso,5.145067953191878e-09
San Isidro,4.946875972402991e-09
Trento,4.800945322127406e-09
Lucban,4.5337008159069884e-09
Subic,4.250822435997507e-09
Daet,4.1759422361876515e-09
Carigara,4.174339230095918e-09
Cogan,4.121703913742005e-09
Tapas,4.090449172752653e-09
Dumanjog,3.831979458943882e-09
Tagbilaran City,3.559962595782265e-09
Mercedes,3.0356579470243315e-09
Aurora,2.8758106679039654e-09
Iba,2.4599403190651555e-09
Buenavista,2.355997495486295e-09
Cataingan,2.199514251053458e-09
Bani,2.1708735763503615e-09
Pila,2.1479685650748992e-09
Kitaotao,2.1094655504077855e-09
El Salvador,2.0371064245233755e-09
Cabagan,1.999394733374644e-09
Urbiztondo,1.9944205926208624e-09
Buluan,1.803288172762586e-09
Leon,1.6604672500819245e-09
Mangaldan,1.598505116757476e-09
Dinalupihan,1.5594166015564184e-09
Barobo,1.5179208764940186e-09
Donsol,1.50019584319672e-09
Titay,1.4653799739790783e-09
Ibajay,1.370039916285047e-09
Zaragoza,1.228562464986956e-09
Himamaylan,1.1395740642309826e-09
Magpet,1.0959685132854732e-09
Kalamansig,1.0046871589928749e-09
Pasacao,9.900475611930792e-10
Cardona,9.894422711463729e-10
Claveria,9.150256026346324e-10
Kiblawan,9.100144431642422e-10
Libungan,8.412022086114739e-10
Hamtic,7.558292686077819e-10
Peñablanca,7.521667827558641e-10
Estancia,7.350175201585901e-10
San Narciso,6.98094545104682e-10
Plaridel,6.486326398789773e-10
Padre Garcia,6.340518823607621e-10
Sibonga,5.911572940998582e-10
Apalit,5.888809821474291e-10
Bangued,5.830124063712537e-10
Poblacion,4.970655829656897e-10
General Tinio,4.873137209683045e-10
Amulung,4.858533513400433e-10
Alaminos,4.85561866013101e-10
Impasugong,4.85561866013101e-10
Asturias,4.849792697140494e-10
Bantacan,4.483446454602999e-10
Masinloc,4.4646889586050136e-10
Minalin,4.448675534524944e-10
Tuba,4.2789264507400325e-10
Caramoan,4.170298106213191e-10
President Roxas,4.0961899729109094e-10
San Juan,4.058685293788755e-10
Santa Ignacia,4.006647600198793e-10
Sison,3.959085104234397e-10
Dumingag,3.88187077214421e-10
Aringay,3.8198451437178374e-10
Libmanan,3.7534728584842505e-10
Calumpit,3.662869614830315e-10
Dulag,3.47672176772365e-10
Tubod,3.2086657537660137e-10
Isabel,2.7668786634838443e-10
Siocon,2.7538202276000685e-10
Baybay,2.455218565739355e-10
Pio Duran,2.4270105403633463e-10
Rosario,2.412750604390131e-10
San Pascual,2.39998999995252e-10
Norala,2.3551775863846565e-10
Mahayag,2.186914820132259e-10
Pontevedra,2.0767593350757237e-10
Albuera,1.9630666376529058e-10
Carmen,1.9333885161328103e-10
Ayungon,1.9299940807629144e-10
Mabini,1.8288094290002121e-10
Dumarao,1.7719710561254135e-10
Panay,1.728009209723483e-10
Ocampo,1.5557983573683828e-10
Tibigan,1.5190989746535654e-10
Inabanga,1.507649099061915e-10
Wao,1.491941686782759e-10
Noveleta,1.478120606203985e-10
Gapan,1.4743465981307688e-10
Barotac Viejo,1.445819410755598e-10
Jones,1.3313928102787305e-10
Dauis,1.3290781658900754e-10
Katipunan,1.2644547905269784e-10
Tabuk,1.2111567958606947e-10
Rosario,1.167153810757479e-10
Odiongan,1.1198627077290941e-10
Dingle,1.0993689066126065e-10
Malinao,1.0780158118018745e-10
Talisay,1.0780158118018745e-10
Pilar,1.0693476434481219e-10
Guinayangan,9.910537224100627e-11
Bunawan,9.887752773917438e-11
Gloria,9.454042421217284e-11
Laoag,9.168450769367776e-11
New Washington,9.102335064445594e-11
Sogod,8.993266609584431e-11
Norzagaray,8.06822089670531e-11
Ligao,7.836235392461857e-11
Naic,7.593720900512096e-11
Maitum,7.190346005293514e-11
Candaba,7.042629174751977e-11
Talagutong,7.02416363944802e-11
Lal-lo,6.834611216440195e-11
Iriga City,6.389196443873075e-11
Kabasalan,6.204491022050446e-11
Balimbing,5.691659611587424e-11
Los Baños,5.540819667426221e-11
Narvacan,5.146043866629393e-11
Libona,5.0395432169204584e-11
Malabang,5.00549007824491e-11
Lupao,4.550248699721076e-11
Tuy,4.436356931111651e-11
Montevista,4.344907216065046e-11
Veruela,4.344907216065046e-11
Claveria,4.313237827677623e-11
Banisilan,4.274585075326091e-11
Roseller Lim,4.2007055193610435e-11
Buguias,4.1560738543171506e-11
Vinzons,3.837561892897345e-11
Alcala,3.6631090302234454e-11
City of Isabela,3.571162580585496e-11
Tantangan,3.3550534643424935e-11
Jaro,3.2699326995453266e-11
Concepcion,3.197719576775433e-11
Tayug,3.179923107243148e-11
Angadanan,3.027637079661991e-11
Magalang,2.9225891364455137e-11
Mamburao,2.886043533613262e-11
Cordon,2.8084286443434815e-11
Daram,2.7359953050263887e-11
Dolores,2.716301340732615e-11
Angono,2.7096756920818082e-11
Manay,2.463560271057914e-11
Loreto,2.2189179078313875e-11
Manjuyod,2.0213221954137232e-11
Pagsanjan,1.8427730735441006e-11
Toboso,1.792825338543906e-11
Bacnotan,1.7577260419149274e-11
Lower Tungawan,1.7120222032297577e-11
Nasipit,1.6448417174858258e-11
Villaba,1.5864353086402743e-11
Pilar,1.528484769099179e-11
Labangan,1.5011501748261e-11
Sumisip,1.45273025397462e-11
General Mamerto Natividad,1.3952145182618263e-11
El Nido,1.3576817263274646e-11
Kalilangan,1.3539861029943633e-11
Santa Rita,1.3466256273413401e-11
Siay,1.3327534760985367e-11
Lobo,1.2842983021327079e-11
Aguilar,1.2559607102349152e-11
President Quirino,1.218952956496913e-11
Moises Padilla,1.2044654302815046e-11
Labason,1.1856378569253353e-11
Mandaon,1.1260525447250422e-11
Culasi,1.1054825915855179e-11
Carranglan,1.0488936749901088e-11
Banaybanay,1.0409756299419117e-11
Guambog,1.0325600673926093e-11
Matnog,1.032001448433533e-11
Palayan City,9.990505767507616e-12
Basud,9.8617487542528e-12
Pananaw,9.761025500206342e-12
Proper Bansud,9.729437030055436e-12
Santa Rita,9.661359146432972e-12
Santo Niño,9.495857266405577e-12
San Jacinto,9.002045460596293e-12
Santa Elena,8.706302799570145e-12
Maria Aurora,8.46596689309948e-12
Cateel,8.330423758761112e-12
Maluso,8.07466285426434e-12
Leyte,8.04434525124721e-12
San Jose,7.975486562660003e-12
Quezon,7.843793139778868e-12
Santo Tomas,7.36655926044042e-12
Naga,7.056019625754665e-12
Caraga,6.997320281855625e-12
Panitan,6.668429478096118e-12
South Upi,6.284566178561589e-12
Balabac,6.165007949744983e-12
Abucay,5.362396154838611e-12
Santa Cruz,5.328317201854347e-12
Hinatuan,5.255242756150784e-12
Tucuran,5.194214648234887e-12
Payabon,5.191458437892e-12
Liloy,5.172203919417575e-12
Nueva Valencia,5.166716232633098e-12
Llanera,4.87650787434671e-12
Pagalungan,4.754075715799161e-12
Mambusao,4.731472831497942e-12
Kibawe,4.652001426937537e-12
Baler,4.530562536166112e-12
Tampakan,4.442799905618518e-12
Bañga,4.396089709688349e-12
Anda,4.393767200508653e-12
Bacolor,4.29282898072161e-12
Laurel,4.256717467227718e-12
Cabatuan,4.187638267373849e-12
Rosario,4.116680372118964e-12
Villanueva,4.111029067309094e-12
Polanco,4.044378006046208e-12
San Miguel,4.029482023662445e-12
President Manuel Acuña Roxas,3.993540841119112e-12
Victoria,3.989334222838821e-12
Tagudin,3.8979315511737424e-12
Balaoan,3.719571729592475e-12
Lasam,3.6173639797444314e-12
Bulalacao,3.5645376664890526e-12
Socorro,3.5495912574256508e-12
Santo Tomas,3.536565286633873e-12
Tabogon,3.3929211976766576e-12
Plaridel,3.1978053082431042e-12
Gonzaga,3.184436424327314e-12
Alcala,3.1694658523720105e-12
Tagbina,3.0876013893561924e-12
Mobo,3.0554671217218175e-12
San Dionisio,2.9953562936483016e-12
Romblon,2.96885951217551e-12
Mambajao,2.9333940543227306e-12
Malalag,2.927270790290112e-12
Mondragon,2.919634971289826e-12
Guagua,2.9023093960493014e-12
Candelaria,2.89625283278032e-12
La Libertad,2.736680187468141e-12
Dingras,2.680211139484204e-12
Naga,2.659345292717399e-12
Santa Cruz,2.6491196539897754e-12
Maddela,2.5936898139623934e-12
Maayon,2.4840657895001533e-12
Alimodian,2.473754570989767e-12
Malita,2.461701118591066e-12
Talacogon,2.430420477376109e-12
Tanay,2.3565813938152582e-12
Rizal,2.294301816630519e-12
Vallehermoso,2.2895452959388152e-12
Bayawan,2.272512182029275e-12
Balud,2.134828092279504e-12
Siniloan,2.072769804323901e-12
Agoncillo,2.064209620308605e-12
Taysan,2.009447050090083e-12
Las Navas,1.948111502704308e-12
Maimbung,1.915200733840508e-12
Badian,1.9132246365273294e-12
Glan,1.8834491902001602e-12
Margosatubig,1.8751065810053827e-12
Valladolid,1.8368219151670703e-12
Malilipot,1.7919392487698044e-12
Maragondon,1.732951249331071e-12
Kasibu,1.7196245237807377e-12
Amadeo,1.670795496499805e-12
Pamplona,1.6258953466287423e-12
Clarin,1.5863018398901847e-12
Cabugao,1.5484937961320479e-12
Guimba,1.539467296738882e-12
Santa Cruz,1.5350477681192485e-12
Santo Tomas,1.4662909300182771e-12
Poblacion,1.4640391597299266e-12
Aritao,1.3444131993618925e-12
Baco,1.3375610591608653e-12
San Juan,1.3192388292979356e-12
Patnongon,1.3111787868360524e-12
Poblacion,1.2389811525904545e-12
Mapandan,1.2351970955403544e-12
Maasin,1.1519530153231863e-12
Rapu-Rapu,1.1507814648169582e-12
Basilisa,1.1276058871056022e-12
Mabuhay,1.1218872378469693e-12
San Andres,1.071199662192536e-12
San Nicolas,1.0480735179828663e-12
Jamindan,1.0171753816496158e-12
Buug,9.952477705776293e-13
Puerto Galera,9.812313760181249e-13
Lilio,9.69378836416421e-13
Oras,9.48989952568977e-13
Bacong,9.427690596020645e-13
Manucan,9.422921978796615e-13
Carcar,9.209069614424478e-13
Bocaue,9.158004978655843e-13
Nabas,8.99925352543323e-13
Madridejos,8.972016317023145e-13
Pamplona,8.797036586036275e-13
Tambulig,7.834104682443302e-13
Lumba-a-Bayabao,7.798707843504821e-13
Jordan,7.585939751589174e-13
Batobato,7.345855190129307e-13
Magsaysay,7.287065100421199e-13
Alicia,7.276095439362351e-13
Real,7.152958011258088e-13
Mankayan,7.060241661134325e-13
Bangar,7.039021931523847e-13
Enrile,6.651404234216782e-13
Luna,6.545677248858513e-13
San Andres,6.473992308203082e-13
Bantay,6.317221874335035e-13
Laur,6.08478968298577e-13
San Nicolas,5.840709532493557e-13
Borbon,5.702528812403462e-13
Dinas,5.640324266686946e-13
Bagabag,5.631895791684185e-13
Caluya,5.617878167906124e-13
Tayasan,5.545560172191459e-13
Tago,5.169718895449925e-13
Samal,5.090662136808625e-13
Buldon,5.05034584337622e-13
San Fernando,4.99048738964389e-13
Dagami,4.722988880605041e-13
Sogod,4.632543286099598e-13
Aborlan,4.593677911152934e-13
Aurora,4.428368439964143e-13
Santo Domingo,4.320148274259232e-13
Siayan,4.318011567185039e-13
Palauig,4.2776254399670525e-13
Valencia,4.081446765160703e-13
Gasan,4.0333664724875615e-13
Pola,3.788469799936812e-13
San Antonio,3.7145468604683266e-13
Gutalac,3.70176416558721e-13
Sibuco,3.640315837067812e-13
Magsaysay,3.613540358247682e-13
Sagnay,3.510176453976318e-13
Gandara,3.322247019722495e-13
Imbatug,3.166308708828718e-13
Pandan,3.1616555076381245e-13
San Fernando,3.161043114500987e-13
Ballesteros,3.1094103889356556e-13
Palapag,3.089670210019544e-13
Dueñas,3.0238074011493773e-13
Canaman,2.976816151883366e-13
Tabango,2.9550483229307563e-13
Sual,2.8893096213321513e-13
Mogpog,2.74349172157509e-13
Cabanglasan,2.6825895899092815e-13
San Juan,2.640535548549174e-13
San Enrique,2.5724329723834677e-13
Jagna,2.5487303956307477e-13
Guimbal,2.460930781779218e-13
Kadingilan,2.4111577695493694e-13
Olutanga,2.2889823881841463e-13
San Marcelino,2.282323122541849e-13
Bugasong,2.2569799435799584e-13
Capoocan,2.229760998937249e-13
Sulop,2.225437493793108e-13
Bayog,2.201811657743535e-13
Allacapan,2.1805576114206462e-13
Panglao,2.1616097840362153e-13
Languyan,2.100682034094221e-13
San Antonio,2.0733918407731107e-13
Malangas,1.9879134782973584e-13
Sitangkai,1.9441923586448822e-13
Columbio,1.8741131227490545e-13
San Luis,1.7781134767736572e-13
Matalom,1.754280058692647e-13
Balasan,1.726612442531133e-13
Pambujan,1.7051301427437281e-13
Tobias Fornier,1.6920473312516416e-13
Santa Maria,1.6855444864364235e-13
Catubig,1.6750326579149538e-13
Marantao,1.6344405105451748e-13
Munai,1.6336546820782335e-13
Basista,1.622695365175133e-13
San Quintin,1.6118114915078935e-13
Medina,1.5826470860205845e-13
Santa Ana,1.581886877659876e-13
Casiguran,1.534013284199354e-13
Cuenca,1.4912009523619166e-13
Claveria,1.4840674808521478e-13
Barugo,1.4642798429282322e-13
Banate,1.3223698180163044e-13
Abulug,1.3004421416182486e-13
Dao,1.2998210804702622e-13
Leganes,1.2899267358442356e-13
Diplahan,1.258302611764907e-13
Guindulman,1.2463528902890252e-13
Initao,1.2239693570450496e-13
Bonifacio,1.2094694318448176e-13
Juban,1.1951461192858172e-13
Bautista,1.187767167104384e-13
Jalajala,1.1581658809878287e-13
Mayantoc,1.1461025420569498e-13
Vintar,1.1395772181097251e-13
Capalonga,1.1368697088316335e-13
Bacarra,1.1368697088316335e-13
Salug,1.1309362317649018e-13
Lupi Viejo,1.1112111144251668e-13
Luuk,1.1085729589258355e-13
San Luis,1.0810006098356551e-13
Aloguinsan,1.0763892339672252e-13
Midsalip,1.0636854076663261e-13
Batan,1.0421948432597529e-13
Pinukpuk,1.0392319258754642e-13
Dumalinao,1.03284191539569e-13
Igbaras,1.0284417483760475e-13
Trinidad,1.0052982023124422e-13
San Remigio,9.953421466811684e-14
Numancia,9.948706581226646e-14
Naguilian,9.799014511841582e-14
San Manuel,9.771206898474663e-14
Balimbing,9.538095717781433e-14
Porac,9.17784590585874e-14
Shariff Aguak,8.872518581037343e-14
Payao,8.847413899800978e-14
San Isidro,8.661441839206061e-14
Badoc,8.559868848293905e-14
Kalingalan Caluang,8.364328536980553e-14
Mendez-Nuñez,8.215853253574369e-14
Laoac East,8.092927928534829e-14
Gingoog,8.091421740265639e-14
Cantilan,8.073893301675252e-14
Lingig,8.047320953939809e-14
Talavera,7.43102095004551e-14
Abra de Ilog,7.397568753570931e-14
San Vicente,7.144971698644085e-14
Calubian,7.131572642308344e-14
Simunul,7.114861843077254e-14
Milaor,6.87541530356005e-14
Moalboal,6.811272531990966e-14
Balungao,6.735113982129346e-14
Bauko,6.607032969501342e-14
Floridablanca,6.354191467820704e-14
Getafe,6.27564458027763e-14
Jimalalud,6.246379175903103e-14
Balatan,6.179602318729926e-14
Sapa Sapa,6.16518282482801e-14
Calape,6.011645626822987e-14
Lemery,5.978063652365186e-14
Santa Maria,5.919760237237961e-14
Magsingal,5.81574261324369e-14
Lumbang,5.448483838260135e-14
Simbahan,5.3504911335802933e-14
Cabarroguis,5.273894985241004e-14
Polillo,5.273894985241004e-14
Jolo,5.270474046787425e-14
San Roque,5.2689923096752624e-14
Torrijos,5.1336047770397115e-14
Catmon,5.008769313570447e-14
Mallig,4.980941543592224e-14
Sibagat,4.941790831630282e-14
Sibutu,4.8172841427238917e-14
San Jacinto,4.783891633031872e-14
Santa Maria,4.672128904282268e-14
Damulog,4.631183288614863e-14
Sergio Osmeña Sr,4.4586624885081026e-14
Buguey,4.3668130897574875e-14
Sigma,4.2848246304717936e-14
Dimataling,4.181183240877877e-14
Caramoran,4.13319550108409e-14
Buenavista,4.1160589180868273e-14
Talayan,4.0876610893600053e-14
Barira,4.0351894415125934e-14
Hinunangan,3.983411248440046e-14
Talusan,3.970573816378888e-14
Pantabangan,3.890851712845387e-14
Claveria,3.8836870767420345e-14
Gamu,3.853385764042032e-14
Morong,3.848063684513707e-14
Peñaranda,3.814534340773344e-14
Merida,3.781305333040671e-14
Calintaan,3.717448839632607e-14
Matanog,3.622906427294233e-14
Dipaculao,3.5667173929426886e-14
Alubijid,3.547101099610556e-14
General Nakar,3.516268251189583e-14
President Roxas,3.469739613162804e-14
Benito Soliven,3.387889990044275e-14
Daraga,3.2742330579234724e-14
Lianga,3.190391186723586e-14
Candijay,3.164196092937756e-14
Dumalag,3.1511815207892513e-14
Tandubas,3.043456415550153e-14
Silay,2.8090812345521072e-14
Mataas Na Kahoy,2.773923692831306e-14
Balindong,2.7650805510521724e-14
Masiu,2.7600401175491222e-14
Dasol,2.6782311552566902e-14
Ivisan,2.6119665609903906e-14
Pasuquin,2.524316388380856e-14
Tudela,2.4698160362901223e-14
Balete,2.4563813956004952e-14
Bontoc,2.439693736073117e-14
Dolores,2.424223786597126e-14
New Panamao,2.344117420275381e-14
Siraway,2.3250478385773844e-14
Lavezares,2.294659665885112e-14
Tubao,2.2523937986699855e-14
Salay,2.2280257141358187e-14
Anilao,2.2069268541721904e-14
Mariveles,2.1328562736630503e-14
Santa Fe,2.1274536026987018e-14
Kumalarang,2.0023915165458234e-14
Manticao,1.960342250074215e-14
Las Nieves,1.9532760997371384e-14
Saint Bernard,1.9365988437816973e-14
Datu Paglas,1.9296208471484052e-14
San Narciso,1.9062603944356492e-14
Licab,1.8173309898296152e-14
Libacao,1.8067227007979814e-14
Villareal,1.797796277705089e-14
La Paz,1.78730544431086e-14
Macalelon,1.764129624947405e-14
Paracelis,1.71176166373821e-14
Agno,1.65950277904333e-14
Sexmoan,1.6241204060837057e-14
Santo Domingo,1.6031212523256183e-14
Oslob,1.5452446927861423e-14
Caridad,1.5438602902841828e-14
Pantao-Ragat,1.5266625972965525e-14
Iguig,1.5239293544232836e-14
Mahaplag,1.497542718681406e-14
Babatngon,1.4802135624873647e-14
Majayjay,1.4769049198663232e-14
Aglipay,1.4736037114595586e-14
Dauin,1.4729444940390278e-14
Pulupandan,1.439719263893215e-14
San Miguel,1.4085239427341539e-14
Sumilao,1.3922550480599885e-14
Jimenez,1.3885284771649221e-14
Aloran,1.370659983837344e-14
Zamboanguita,1.326722162142995e-14
Dupax Del Norte,1.3044274437048833e-14
San Jose,1.288821380560235e-14
Cuartero,1.2442546929902046e-14
Ponot,1.2332259058477815e-14
San Luis,1.2136273606817086e-14
Lapuyan,1.1670593309865939e-14
Makato,1.166022786249044e-14
Buenavista,1.1655047238746512e-14
Pilar,1.1629182586231819e-14
Santo Niño,1.143961634098895e-14
Candelaria,1.1213348759450992e-14
Mabini,1.1198428564120728e-14
Valencia,1.0977072675245227e-14
Bien Unido,1.092365233426583e-14
Placer,1.0822411336077375e-14
Pitogo,1.064637969919819e-14
Poona-Piagapo,1.0464024615956417e-14
La Trinidad,1.043443096493431e-14
Garchitorena,1.0427019727867235e-14
Badiangan,1.0403958723094636e-14
Kolambugan,1.0403958723094636e-14
Reina Mercedes Viejo,1.0371761844845083e-14
Bagac,1.0091036279209158e-14
Unisan,9.861630885270454e-15
Siquijor,9.761884510192243e-15
Balabagan,9.582413014693798e-15
Burdeos,9.336023499073037e-15
Tibiao,9.286713832923107e-15
Mainit,9.2580739860326e-15
Santa Josefa,9.20918968029379e-15
San Isidro,8.893935775187998e-15
Calabayan,8.783358807243492e-15
Ragan Sur,8.753985713932515e-15
Monreal,8.753985713932515e-15
Ramon Magsaysay,8.723195357843379e-15
Padada,8.650514253199525e-15
Basay,8.57090828686592e-15
General Luna,8.303657509829353e-15
San Juan,8.006206647664773e-15
Santa Margarita,7.78777706922598e-15
Hagonoy,7.752329378121902e-15
Kauswagan,7.552267269064427e-15
Macrohon,7.440537675500472e-15
Tarragona,7.378844046357822e-15
Palanas,7.369150868710488e-15
Leon Postigo,7.365923332648693e-15
Dimasalang,7.272941491308833e-15
San Pablo,7.004252067581952e-15
Baleno,6.97368047181803e-15
Lauaan,6.900867664155363e-15
Conner,6.837799679125859e-15
South Ubian,6.499969926074149e-15
Pandami,6.359705901764497e-15
Tamparan,6.32926853483274e-15
Malasiqui,6.317148983681523e-15
Quezon,6.2907475972173306e-15
Talisay,6.238854202532371e-15
Sapian,6.184707288613816e-15
Magarao,5.851989667864051e-15
Sinait,5.716162359169525e-15
Tabuelan,5.69136819980423e-15
Zarraga,5.629865612985936e-15
Datu Piang,5.617648084434925e-15
San Manuel,5.388289717194267e-15
Dingalan,5.337101483318807e-15
Allen,5.307089834923388e-15
Piagapo,5.240766442213851e-15
Santa Lucia,5.155150160596854e-15
Del Gallego,5.143993169880822e-15
Dipolog,5.118657150263419e-15
San Pablo,5.115100216359792e-15
Santa Maria,5.110670066128644e-15
Bugho,5.1040319446258534e-15
Alitagtag,4.932396903130825e-15
Lamut,4.887780604422736e-15
Magdalena,4.860369940686021e-15
Poro,4.748196314938104e-15
Sarrat,4.748196314938104e-15
Cabangan,4.648718608142723e-15
Paete,4.516163572898873e-15
Tabina,4.4484739446616145e-15
Pandag,4.440804963536032e-15
Lopez Jaena,4.436975585629109e-15
Tarangnan,4.31807585739671e-15
Tubay,4.2078905650816744e-15
Camalaniugan,4.191614427412551e-15
Paoay,4.090029204116737e-15
San Isidro,4.0812399970167995e-15
Ampatuan,3.977277598555879e-15
Dumaguete City,3.920599880031757e-15
Mabini,3.916214564580122e-15
Sierra Bullones,3.88270938999091e-15
Manito,3.819860432381249e-15
Bontoc,3.716370604878991e-15
Saguiaran,3.6783114312002055e-15
Altavas,3.6783114312002055e-15
Consolacion,3.674534753988902e-15
Tairan Camp,3.6390929288600976e-15
Infanta,3.623526743046409e-15
Sanchez-Mira,3.557369791919696e-15
Maguing,3.5421638840446674e-15
Talisayan,3.502940939558156e-15
Quirino,3.496946571134522e-15
Malitbog,3.4258327826328274e-15
Lagindingan,3.3562095757489326e-15
Casiguran,3.2268132148886837e-15
Tamilisan,3.2185551798557876e-15
Natividad,3.2075783513897685e-15
Pangil,3.173523323182039e-15
Santiago,3.0748895889711477e-15
Garcia Hernandez,3.0670321435495302e-15
San Miguel,2.9908602834629674e-15
Solsona,2.9730738914292827e-15
Camaligan,2.9579152329012815e-15
Sarangani,2.8710634082889346e-15
Minglanilla,2.835379392067547e-15
Buenavista,2.809444716570316e-15
Poblacion,2.8010942150958253e-15
Bayang,2.7821033717957726e-15
San Enrique,2.714368175736675e-15
Talugtug,2.612609590943983e-15
Tugaya,2.6092860683581763e-15
Dapa,2.5795710782865563e-15
Burgos,2.5762908869315982e-15
Pagudpud,2.5610408179417595e-15
Dumaran,2.5222520228592657e-15
Dancagan,2.510521067417245e-15
Kayapa,2.5009648420867582e-15
Pura,2.498846368513685e-15
Bobon,2.452704896044052e-15
Taraka,2.4279079129199016e-15
Kalawit,2.416629160046297e-15
Ayuquitan,2.4074415460215536e-15
San Carlos,2.3918081296508e-15
Piat,2.3800933757935288e-15
Pamplona,2.3790868125664216e-15
Mina,2.3293067891273855e-15
Alicia,2.3009276856979097e-15
Gamay,2.295101159368839e-15
Nagtipunan,2.269067861601594e-15
Pitogo,2.1497324048269207e-15
Alegria,2.0995767629638533e-15
San Fernando,2.074079301561696e-15
Kalayaan,2.072332432838475e-15
Lucena,2.0471760603060463e-15
Limbuhan,2.0437310315207593e-15
Urdaneta,2.0168980715762333e-15
Labrador,2.0138407660064546e-15
Malinao,2.0079169212393094e-15
Jabonga,1.9994853765603362e-15
San Felipe,1.998644374924725e-15
Ternate,1.9769026297975185e-15
Madalum,1.952118857949308e-15
San Fernando,1.8955284742267255e-15
Bacolod,1.8773060621750635e-15
Pitogo,1.865519267571027e-15
Ganassi,1.8631709942591007e-15
Santo Tomas,1.8545872216976434e-15
Calbiga,1.836770327680716e-15
Maibog,1.791869357134861e-15
Bulusan,1.7628118065656444e-15
San Agustin,1.7598591851952191e-15
Oteiza,1.6869713025139733e-15
Barbasa,1.6348661027906471e-15
Catigbian,1.6151662629484738e-15
Doña Remedios Trinidad,1.6070864947045636e-15
Balete,1.60574392520504e-15
Arayat,1.600120746794398e-15
San Nicolas,1.5804533665943185e-15
Baroy,1.5653459937547326e-15
San Agustin,1.5640393762919423e-15
Baliguian,1.5575231432002282e-15
Salcedo,1.5215459872234102e-15
Caibiran,1.516476660593293e-15
Carrascal,1.4882852254227455e-15
Padre Burgos,1.4765450336229354e-15
Tubungan,1.4697919197677045e-15
Prieto Diaz,1.4655109380633207e-15
Cuyo,1.4163099865333302e-15
Sagbayan,1.4039860045764398e-15
Bubong,1.4022345810291054e-15
Socorro,1.3894585544905567e-15
Ramain,1.3808168241952757e-15
Tabaco,1.3680171882778196e-15
Looc,1.3597363544515917e-15
Calapan,1.3538735930476387e-15
Gata,1.3401008451971407e-15
General Emilio Aguinaldo,1.3362090961900476e-15
Patian,1.3049490579616708e-15
Binidayan,1.2602501419029048e-15
Busuanga,1.2431246884905696e-15
Caba,1.2395229571961035e-15
Nasugbu,1.235729554990349e-15
Tangalan,1.1779630408805474e-15
Lugus,1.168738690281447e-15
Cajidiocan,1.1514650174966468e-15
Banaue,1.14009569790357e-15
Candoni,1.1177032913890902e-15
Pantar,1.1103404335867744e-15
Cavinti,1.0782660418327538e-15
Calamba,1.0667611040309909e-15
Maigo,1.0623699166013653e-15
Lagonglong,1.0593071229026886e-15
Burgos,1.0497404394950037e-15
Viga,1.0441293496787812e-15
Piddig,9.909141659942051e-16
Ramos,9.327967332676935e-16
Marogong,9.209963310509213e-16
Santiago,9.193356693613566e-16
Batad,9.130901635015634e-16
Bato,9.059972979694608e-16
Naawan,8.817974900309423e-16
MacArthur,8.810746675866279e-16
Anini-y,8.774696130377542e-16
Santa Teresita,8.512613259645228e-16
Quezon,8.268742976987073e-16
Can-Avid,8.131211789204657e-16
Magallanes,8.104651959646014e-16
Parabcan,8.068280016100398e-16
Barcelona,8.048511549696595e-16
Tigbao,8.012397672446276e-16
Tolosa,8.009123480930665e-16
Hindang,7.834325408633415e-16
Samboan,7.707386950075287e-16
Gigaquit,7.644714998762208e-16
Carmen,7.567114436453039e-16
Cabucgayan,7.411318940127258e-16
Guipos,7.235206892135944e-16
Maribojoc,7.11537124438237e-16
Pakil,7.031848012187384e-16
Baclayon,6.839943463103849e-16
Inopacan,6.72685544000546e-16
Mabitac,6.672392215916501e-16
Pandan,6.634539390827146e-16
Lazi,6.56482731121753e-16
Santa Fe,6.430271609753975e-16
San Jose,6.362772885587191e-16
Cagwait,6.288347475564297e-16
Rancheria Payau,6.2628934136563605e-16
Ronda,6.227434517350571e-16
Linamon,6.179643402206328e-16
Clarin,6.080262972635062e-16
Kawayan,6.055677577358886e-16
Tuburan,5.853159592198713e-16
San Guillermo,5.836601553182983e-16
Piñan,5.745231226427524e-16
Llorente,5.717415547469856e-16
Culion,5.694341343073838e-16
La Paz,5.379040815760371e-16
Sapang Dalaga,5.3465762821547695e-16
Caoayan,5.089922318456156e-16
Lugait,4.883149086203015e-16
Luisiana,4.809070471250792e-16
Pugo,4.751407039100301e-16
Danao,4.720195253123963e-16
Atok,4.70957424723601e-16
Espiritu,4.294329129478774e-16
San Miguel,4.263469593991802e-16
Aguinaldo,4.2430233284888136e-16
Tadian,4.210857328393367e-16
Malabuyoc,4.183965615548682e-16
Kapangan,4.163912728385564e-16
San Roque,4.120805389974662e-16
Lagawe,4.1175085782881456e-16
Luna,4.105990928937663e-16
Butig,4.0667539956146534e-16
San Miguel,3.912073402870988e-16
Tipo-Tipo,3.846994121217787e-16
Dagohoy,3.8393212585023465e-16
Valderrama,3.7875639841479887e-16
Dupax del Sur,3.767965620333784e-16
Lumbatan,3.758955035190634e-16
Luna,3.6965029783742524e-16
Santa Teresita,3.659838602839822e-16
Magsaysay,3.632224810207502e-16
Buruanga,3.60913809530261e-16
Taft,3.4848396425567534e-16
Kapay,3.4558360870334083e-16
Lubang,3.3330038968237274e-16
Santiago,3.2752378840004543e-16
Kitcharao,3.1477625952776547e-16
Esperanza,3.036210739799503e-16
Marihatag,2.976663909015113e-16
Villa Verde,2.9637260846687205e-16
Cabusao,2.8374966109863567e-16
Del Carmen,2.8318927522620114e-16
Sinacaban,2.8307731631315487e-16
Madalag,2.828535985247151e-16
Matagob,2.8107010117648076e-16
Nunuñgan,2.8040430968480007e-16
Jiabong,2.7764764000128704e-16
Pinabacdao,2.6795311476527594e-16
Banting,2.6220131951593213e-16
San Gabriel,2.596291691923405e-16
Diadi,2.545626921286688e-16
Malimono,2.4783562216087466e-16
Pastrana,2.4281536316110805e-16
Rizal,2.4205239344418734e-16
Tingloy,2.3501873031956006e-16
Sebaste,2.339130641723474e-16
San Teodoro,2.3363750707655765e-16
Balilihan,2.3354571198058095e-16
Tublay,2.325385486483002e-16
Danao,2.323559126982944e-16
Duero,2.310816007018736e-16
Santander,2.293636955844563e-16
Marcos,2.222737758081142e-16
Siruma,2.2114321309332508e-16
Libjo,2.2079654714619821e-16
Madamba,2.2045044225131516e-16
Sibutao,2.1106609639651618e-16
Bilar,2.0656998873491656e-16
San Jose,2.0423923042417964e-16
Flora,1.9111168153063215e-16
Mayoyao,1.8668914186729915e-16
Jovellar,1.8502198073809673e-16
Pinili,1.8444571199732842e-16
Tumbao,1.8272797978126022e-16
Palanan,1.8159202234874513e-16
Rizal,1.8109732637647885e-16
Cervantes,1.781582689043844e-16
San Jorge,1.7629492590073455e-16
Mayorga,1.7472348903029315e-16
Bucay,1.7162387577151428e-16
Baliangao,1.7009542608713373e-16
Sudipen,1.6773122557672693e-16
Kiangan,1.672104755342118e-16
Rizal,1.6656188481372945e-16
Alcoy,1.6278767292290747e-16
Marabut,1.6171668111742083e-16
Cortes,1.612151834545715e-16
Almeria,1.610275515067501e-16
Biliran,1.56773452033694e-16
Santa Magdalena,1.547200839973652e-16
Cagdianao,1.5233985542671202e-16
Catarman,1.517507363331524e-16
General Luna,1.501718290858452e-16
Calayan,1.4621343058901967e-16
Loay,1.4559240855945496e-16
Tomas Oppus,1.4099348040873572e-16
Famy,1.398538555318495e-16
Tinoc,1.383491301261863e-16
San Rafael,1.369139828098801e-16
Bombon,1.3586083451971205e-16
Anda,1.3326437711381203e-16
Libertad,1.3157884685989895e-16
Tagana-an,1.315281083179076e-16
San Jose,1.3044750046685808e-16
Gitagum,1.287687400522432e-16
Lumbayanague,1.2871912021098678e-16
Alcantara,1.2768179105831063e-16
Boljoon,1.2733793179927174e-16
Zumarraga,1.2495756745766312e-16
Santa Fe,1.195497699522558e-16
Buadiposo-Buntong,1.1727449585947935e-16
Santa Fe,1.1584185016357064e-16
Saguday,1.1460310262906392e-16
Mulundo,1.144711887441102e-16
Arteche,1.126840660352132e-16
Paluan,1.1264084597272739e-16
Alegria,1.1203747491881658e-16
Loboc,1.1126660158077944e-16
Kidapawan,1.0943058202087717e-16
Capas,1.0913737208196179e-16
Paglat,1.0819602947929113e-16
Ginatilan,1.081545861443667e-16
Cortes,1.0786489495918543e-16
Dilasag,1.0473071559153234e-16
San Miguel,9.825224444169278e-17
Alabat,9.683680132377628e-17
Despujols,9.533321992883782e-17
La Paz,8.996612345072803e-17
Sulat,8.793435450997409e-17
Bakun,8.726768608848614e-17
Santa,8.67051188668613e-17
Silvino Lobos,8.536369565133673e-17
Kabayan,8.410759680896386e-17
Ambaguio,8.378860958099382e-17
Quezon,8.309122897166403e-17
Leso,8.296507806684339e-17
Bingawan,8.218109124393399e-17
Tankal,8.16213630409193e-17
Libagon,8.125041447012762e-17
Alcantara,8.097332672719922e-17
Motiong,8.085049588339911e-17
Julita,7.957232440562734e-17
Batuan,7.873181959968816e-17
San Tomas,7.684492917225138e-17
San Miguel,7.638055112745472e-17
Mati,7.631127279707202e-17
Nampicuan,7.48912271213139e-17
Pudtol,7.407370183247557e-17
Araceli,7.362661174510293e-17
San Juan,7.222001464072278e-17
San Juan,7.211087491105144e-17
Victoria,7.11093624272407e-17
Quinapundan,7.009573458580328e-17
Tubaran,6.930605067549411e-17
Maydolong,6.914922139517918e-17
San Policarpo,6.77030273489583e-17
Lope de Vega,6.77030273489583e-17
Bangui,6.732098544018707e-17
Patnanungan,6.566627705542551e-17
Anao-aon,6.434370713395425e-17
General MacArthur,6.429525514356329e-17
San Julian,6.304863227472266e-17
Bacuag,6.276450944870185e-17
Tayum,6.231736446358957e-17
Antequera,6.134055854885219e-17
Kinogitan,6.056140729782689e-17
Dimiao,5.994995914198556e-17
Ozamiz City,5.889200213862227e-17
Lagangilang,5.75456367583365e-17
Tubod,5.649746969486562e-17
Magdiwang,5.515806579035407e-17
Balangiga,5.3992780921418117e-17
Mahinog,5.3051080873880793e-17
Mapanas,5.279362363441391e-17
Rizal,5.271466515899755e-17
Matungao,5.181535252524618e-17
Santa Catalina,5.1237399699230505e-17
Sampaloc,5.051487599927173e-17
Larena,4.9395408939222216e-17
Maria,4.9046280792877835e-17
Bokod,4.774624012748467e-17
Calanogas,4.7639519103091605e-17
Hinabangan,4.62916605405743e-17
Santa Marcela,4.526872823836892e-17
Panukulan,4.415401564259084e-17
Belison,4.403919968148986e-17
Boston,4.39737258318966e-17
Bagulin,4.2701105955784995e-17
Dakit,4.18531588665009e-17
Giporlos,4.0418367889865706e-17
Tagoloan,3.960252780320265e-17
Sison,3.819075862622003e-17
Tatarikan,3.7965249749585445e-17
Lapinig,3.633063348311796e-17
Tinglayan,3.434789955996455e-17
Pualas,3.4322569857422206e-17
Santo Niño,3.428461327450749e-17
Agdangan,3.413320958956686e-17
Baras,3.4095469403416986e-17
Silago,3.3190245063947477e-17
Batuan,3.309256499388369e-17
San Vicente,3.298302825813164e-17
Lawaan,3.278922017751424e-17
San Jose,3.2460112982525434e-17
Capul,3.2037477749498853e-17
Mutia,3.199035394093792e-17
San Clemente,3.177917836143678e-17
Sagay,3.1418861904061946e-17
Calanasan,3.116571489613661e-17
Agutaya,3.0497178927136564e-17
Santol,2.9734094580288134e-17
Libertad,2.8432797164215645e-17
Culaba,2.813222444992017e-17
Hinundayan,2.7723019947773823e-17
Lila,2.7440240406929727e-17
Burgos,2.711078726418036e-17
Magsaysay,2.6834458977321306e-17
Balbalan,2.6824645602620265e-17
Pidigan,2.672669911618632e-17
Currimao,2.6716926471191546e-17
Perez,2.660965438791415e-17
Lanuza,2.4989021658140736e-17
Josefina,2.3215223620591875e-17
Biri,2.2946401086877557e-17
Bagamanoc,2.1214021930443114e-17
Anao,2.1037697799103007e-17
Sablan,2.0502886373058922e-17
Suyo,2.0421294098009753e-17
Dolores,1.947501169916149e-17
Pilar,1.942574261987157e-17
Tudela,1.9341577253548615e-17
Salcedo,1.9285677833848098e-17
Gainza,1.9105153461236807e-17
Tabontabon,1.870871312280101e-17
Tagoloan,1.8473606930969813e-17
Sagada,1.8195505315477975e-17
Padre Burgos,1.796057620631823e-17
Balingoan,1.770322230722179e-17
Concepcion,1.6990466262617422e-17
Plaridel,1.697823014200873e-17
Agcogon,1.6651272447556776e-17
Manabo,1.5947797304105245e-17
Galimuyod,1.587345626877129e-17
Sevilla,1.538506700540939e-17
Dinagat,1.5225746040555256e-17
Ilagan,1.4926135276043323e-17
Alburquerque,1.4731507866201568e-17
Rosario,1.4626278448492316e-17
San Ricardo,1.4490639489459032e-17
San Vicente,1.3990964700306857e-17
Carmen,1.374784248951125e-17
Corcuera,1.3436857676288624e-17
Calatrava,1.339849960341813e-17
Natonin,1.3384145205953849e-17
Pilar,1.31519137200064e-17
Panaon,1.3086331047496059e-17
Balangkayan,1.2699869986679024e-17
Looc,1.2663683941192352e-17
Sagay,1.1641188223482799e-17
San Juan,1.1585006178990002e-17
Pintuyan,1.1417384487955294e-17
Burgos,1.1220338866902653e-17
Pilar,1.1121164384602745e-17
Pasil,1.070303523813741e-17
Tanudan,1.0293849190908039e-17
Nueva Era,1.0192298850889122e-17
Hunduan,9.817149811807691e-18
Sabangan,9.526653558479349e-18
Loreto,9.506486068550642e-18
Panganiban,9.432919024096595e-18
Hingyon,9.235257400342617e-18
Sugbongkogon,9.23199914685209e-18
San Antonio,8.701209553253376e-18
Almagro,8.3532144588646e-18
Sadanga,7.943938353878874e-18
San Isidro,7.79209845365727e-18
Lubuagan,7.762093054016565e-18
Santa Cruz,7.354334208410608e-18
Koronadal,7.354334208410608e-18
San Jose,7.354334208410608e-18
Tabuk,7.354334208410608e-18
Pili,7.354334208410608e-18
Basco,7.354334208410608e-18
Kabugao,7.354334208410608e-18
Hernani,7.338903547374966e-18
Quirino,7.338903547374966e-18
Corella,7.101479449582869e-18
Tagapul-an,7.086596514549462e-18
Libertad,6.922584626367306e-18
Gigmoto,6.8313137873914544e-18
San Esteban,6.786145043632406e-18
Tubajon,6.615458626549544e-18
Anahawan,6.467214872147265e-18
Bayabas,6.362167241642801e-18
Burgos,6.1509102855047975e-18
Talalora,6.1295479539221824e-18
San Sebastian,6.1295479539221824e-18
Pagsanghan,5.895464905229407e-18
Alfonso Castañeda,5.885232789778492e-18
Hipadpad,5.7738867568385324e-18
San Vicente,5.716056920895523e-18
San Ildefonso,5.580857336253801e-18
San Jose de Buan,5.54613474199241e-18
Banayoyo,5.505907714757975e-18
Tunga,5.201953593145527e-18
Binuangan,5.079308966067933e-18
Rizal,4.910238173872063e-18
San Emilio,4.893316209087239e-18
San Isidro,4.756814565328674e-18
Matuguinao,4.696517810651938e-18
Sariaya,4.5010816580006276e-18
Maripipi,4.492407788104437e-18
Besao,4.3122556929617244e-18
Ferrol,4.201127288803528e-18
Oroquieta,3.871900388442416e-18
Magugpo Poblacion,3.871900388442416e-18
Sikatuna,3.871900388442416e-18
Alilem,3.8310271821871354e-18
Peñarrubia,3.759605129627558e-18
Sallapadan,3.736530857174896e-18
Luba,3.3924081047150414e-18
Cagayancillo,3.3305617709070554e-18
Guinisiliban,3.326027275723315e-18
Baliuag,3.2252377983912244e-18
Enrique Villanueva,3.1316379251253695e-18
Mercedes,3.095664204952307e-18
Limasawa,3.0862134515966167e-18
Tubo,2.729813607689609e-18
Divilaca,2.718756410271652e-18
Jones,2.583514347857202e-18
San Quintin,2.499484019886601e-18
Maslog,2.4734961784354414e-18
San Benito,2.4709962409384473e-18
Villaviciosa,2.4610219126543087e-18
Nagbukel,2.3532247817308154e-18
Tineg,2.2284919521019168e-18
Dinapigue,2.1607223282509465e-18
Midsayap,1.8010733292706686e-18
Polomolok,1.3341429837478082e-18
Tuguegarao,9.888024918019144e-19
San Miguel,8.737140137189723e-19
Surigao,8.043392470790496e-19
Concepcion,7.911630218811006e-19
Pikit,7.290265996669955e-19
Mexico,6.872484966619343e-19
Cadiz,6.656886414373563e-19
General Mariano Alvarez,5.817282690507899e-19
Trece Martires City,4.849637316340778e-19
Lubao,9.95042082675113e-20
Roxas City,1.662263247983014e-20
Sorsogon,1.2206397900859042e-20
Digos,8.572909667616837e-21
Toledo,6.634104628984291e-21
Bago,5.572670470828139e-21
Dagupan City,5.155127334923705e-21
Tanauan,2.957502103175799e-21
Malaybalay,2.13020962345276e-21
Koronadal,1.9626102603136466e-21
Santo Tomas,5.714453004406016e-22
Kabankalan,3.403940917445569e-22
Calbayog City,2.178813998032201e-22
Panabo,1.8275886110993992e-22
San Carlos City,7.340477612354591e-23
Valencia,2.768080414708727e-23
Naga City,1.4583351848765176e-23
Legazpi City,1.2765713799139342e-23
Pagadian,7.745803351521034e-24
Marawi City,4.472424454922192e-24
Meycauayan,1.0960994953006695e-24
Ormoc,3.718215384987828e-25
Marilao,1.1279460875303909e-25
Tanza,5.638447310354611e-26
Talisay,4.463352522089375e-26
Olongapo,1.92336779071821e-26
Tacloban,5.0677191027068554e-27
Silang,2.20110228778597e-27
Navotas,1.826816167910387e-27
Mabalacat,1.5275906952477643e-27
Malolos,1.2899749240559611e-27
San Mateo,1.2152335488025792e-27
Puerto Princesa,8.672780010849624e-28
Santa Maria,7.303428833976355e-28
Tagum,5.004315089685648e-28
San Pablo,2.227916226771323e-28
Lucena,2.180603816720798e-28
Binangonan,3.4996243994762075e-29
Cotabato,6.309538144249027e-30
Cabanatuan City,4.842183071181759e-30
San Fernando,3.212443351613282e-30
Cabuyao,2.6579954021813502e-30
General Trias,1.623134173574954e-30
Taytay,1.073996905655151e-30
Cainta,8.329692970591699e-31
San Pedro,6.150210143516521e-31
Batangas,4.432421928182635e-31
Lipa City,3.633993121823025e-31
Biñan,3.4557062276814624e-31
Butuan,2.5294779444592544e-31
Tarlac City,1.6805679810134352e-31
Iligan,1.6650646979111881e-31
Baguio City,1.3603309598301675e-31
Santa Rosa,7.469702683648264e-32
Mandaue City,4.077434043064595e-32
Malabon,3.373258313710406e-32
Rodriguez,2.6534975394736335e-32
Mandaluyong City,9.282119602122213e-33
Imus,3.448433638881844e-33
Lapu-Lapu City,2.7339275016226694e-33
Angeles City,2.270955604335457e-33
Pasay City,1.764165163445696e-33
Iloilo,3.9398012358020494e-34
Marikina City,3.4893750841735257e-34
City of Calamba,2.964171130180226e-34
Muntinlupa City,4.1962960476972846e-35
Bacolod,6.750010974986357e-36
San Jose del Monte,4.7882562521476764e-36
Makati City,3.800324710385043e-36
Las Piñas City,3.217022086201103e-36
General Santos,2.7850431770256646e-36
Bacoor,2.3803084061190063e-36
Valenzuela,1.4665512455021924e-36
Dasmariñas,6.192487844974375e-37
City of Parañaque,5.373361876978937e-37
Cagayan de Oro,4.372666806721798e-37
Pasig City,1.0485929068652706e-37
Antipolo,7.527176564513368e-38
Taguig City,4.938233003889796e-38
Zamboanga City,2.3119339003337353e-38
Cebu City,1.136782589249468e-38
Caloocan City,1.6354231593127665e-40
Davao,1.367200121675546e-40
Quezon City,1.0325872583849816e-41
Manila,5.9399373703026355e-43
