Rodolfo Sánchez Taboada,10.0
Ensenada,9.999999736872665
Colonia Venustiano Carranza,6.769905048280918
Tecate,5.4371356466360705
Mexicali,4.46223871202349
Progreso,4.3062544951279005
Santa Isabel,4.306254480217181
Playas de Rosarito,4.172765872786153
Tijuana,4.1727625667012065
San Quintín,2.767848190172075
Vicente Guerrero,2.7678481809551903
Mexico City,2.230806918644252
Guadalajara,2.2306255876922156
Monterrey,2.2306147126980913
Ecatepec,2.230584849778017
Puebla,2.23058394830667
León de los Aldama,2.2305825772135095
Juárez,2.2305810673533473
Zapopan,2.2305792033322684
Nezahualcóyotl,2.230578693175698
Ciudad Nezahualcóyotl,2.2305786796171914
Aguascalientes,2.2305767066133346
Mérida,2.2305762323283567
Chihuahua,2.2305760710763947
Naucalpan de Juárez,2.2305755717855207
San Luis Potosí,2.2305754641142714
Toluca,2.2305754114856633
Hermosillo,2.230575328823077
Saltillo,2.2305752759249846
Querétaro,2.230575243523428
Culiacán,2.230575030865405
Morelia,2.230575019321215
Tlalnepantla,2.230574629806956
Cancún,2.2305745554285252
Tlajomulco de Zúñiga,2.2305743764638284
Reynosa,2.2305743544035797
Guadalupe,2.2305739727066025
Acapulco de Juárez,2.2305739239787754
Torreón,2.230573830198749
Durango,2.230573555043318
Villahermosa,2.23057339142309
Chimalhuacán,2.230573099448344
Tuxtla,2.230572922022537
Tlaquepaque,2.2305726654325495
Veracruz,2.230572397380734
Xalapa,2.230572093021304
Ciudad Apodaca,2.230572072997117
Heroica Matamoros,2.230572039157846
Cuautitlán Izcalli,2.230571941213139
Mazatlán,2.2305718383570032
Mazatán,2.230571809657188
Ixtapaluca,2.230571759660986
Ciudad López Mateos,2.2305716962676643
Tultitlán de Mariano Escobedo,2.230571663151489
San Nicolás de los Garza,2.230571547803954
Celaya,2.2305714543736084
Ciudad Obregón,2.2305707392792287
Irapuato,2.230570468231102
Tonalá,2.2305703929425817
Nuevo Laredo,2.2305703869380133
Nicolás Romero,2.230570306693626
Cuernavaca,2.230570303528035
Tecámac,2.230570283903637
Ciudad General Escobedo,2.230570271027272
Minatitlán,2.230570187483592
Tepic,2.2305699266192693
Gómez Palacio,2.2305698716697813
Tapachula,2.230569786802007
Coatzacoalcos,2.2305697725636104
Uruapan,2.230569729341722
Tampico,2.230569718843248
Chalco,2.230569670541481
Ciudad Victoria,2.230569614501521
Oaxaca,2.230569556997697
Coacalco,2.2305693093484473
Pachuca,2.2305693015877353
Tehuacán,2.23056927377766
Salamanca,2.2305691144323787
Ciudad Benito Juárez,2.230569113576361
Ciudad Santa Catarina,2.2305691047120693
Texcoco,2.2305690980892017
Los Mochis,2.230569067734485
Playa del Carmen,2.2305690167568972
San Juan del Río,2.2305688997554958
Monclova,2.2305687804585776
Puerto Vallarta,2.230568668878741
Campeche,2.2305686597447565
Heroica Nogales,2.2305686586522806
Córdoba,2.230568634561596
Ciudad Acuña,2.2305686114283176
Soledad de Graciano Sánchez,2.230568609952923
Guadalupe,2.230568599050807
Ciudad Madero,2.230568533447019
Buenavista,2.230568498601258
Metepec,2.2305684977453217
Poza Rica de Hidalgo,2.2305684314555574
Cholula de Rivadabia,2.2305683575195037
San Pablo de las Salinas,2.2305683113338297
Chilpancingo,2.2305682865349237
Manzanillo,2.2305682560150575
Ciudad Valles,2.2305681703574844
Cuautla,2.230568150908441
Chicoloapan,2.230568149162871
Guanajuato,2.2305681115037492
Comitán,2.230568092257591
Ciudad del Carmen,2.230568086243882
Cuauhtémoc,2.230568075162456
Lagos de Moreno,2.2305680357356987
Piedras Negras,2.2305680201272287
San Cristóbal,2.2305679574234514
Navojoa,2.2305679540675545
Jiutepec,2.2305679087406003
Papantla de Olarte,2.2305678992698406
San Martin Texmelucan de Labastida,2.2305678901256716
Tulancingo,2.230567884844131
Chetumal,2.2305678810265595
Dolores Hidalgo Cuna de la Independencia Nacional,2.230567846454561
Delicias,2.2305678450131237
Silao,2.2305678346303033
García,2.230567820486264
Tuxtepec,2.2305678057116363
Túxpam de Rodríguez Cano,2.2305677922771103
Zamora,2.230567772739107
Tepatitlán de Morelos,2.2305677693044794
Valle de Santiago,2.2305677663315526
Kanasín,2.2305677516358764
San Miguel de Allende,2.2305677465008404
Zacatecas,2.230567733606967
Boca del Rio,2.230567732548433
Colima,2.230567724947254
Zinacantepec,2.230567711253896
Santa María Texmelucan,2.2305677037428304
Heroica Guaymas,2.2305676885743315
Apatzingan de la Constitucion,2.230567622101373
Ixtlahuaca,2.23056760245127
Ciudad de Atlixco,2.2305675855038083
Ciudad Hidalgo,2.230567558691998
San Pedro Garza García,2.2305675518229697
Chilapa de Álvarez,2.2305675380961936
Miramar,2.230567513593009
Villa de Álvarez,2.2305675021747398
Orizaba,2.23056749849252
Temixco,2.2305674857680455
Huejutla de Reyes,2.2305674817480186
Las Delicias,2.2305674704536687
San Francisco del Rincón,2.230567456794627
Tecomán,2.2305674472907397
Ciudad Mante,2.230567439802501
Fresnillo,2.2305674266389843
San Antonio Enchisi,2.2305674229005064
Martínez de la Torre,2.2305674212677378
Iguala de la Independencia,2.230567420986225
Cuautitlán,2.2305674209299244
Parral,2.2305674110770184
Escuintla,2.2305673899974785
San Felipe,2.230567382272834
Lerma,2.2305673668010546
Zihuatanejo,2.2305673558897605
Tula de Allende,2.2305673481201134
Ciudad Río Bravo,2.230567320667449
San Luis de la Paz,2.230567319417553
Jilotepec,2.2305673130892725
Tizayuca,2.2305673103305015
San Felipe del Progreso,2.2305673062542795
La Piedad,2.230567302155543
Taxco de Alarcón,2.230567291086707
Huauchinango,2.230567278689188
Santa Cruz Xoxocotlán,2.2305672272864574
Teziutlan,2.2305672158236476
Coatepec,2.2305672153394625
Tultepec,2.230567211747486
Tenancingo,2.2305672020412755
Paraíso,2.2305671534654135
Cadereyta Jiménez,2.2305671513597933
Santa Rosa Jauregui,2.2305671505828495
Guasavito,2.23056715041395
Acayucan,2.230567121768562
Jalpa de Méndez,2.2305671165777246
Nacajuca,2.2305671165777246
Apizaco,2.2305670964111908
Cunduacán,2.230567094463229
Salina Cruz,2.2305670907587185
Tepeji del Río de Ocampo,2.230567085680507
Tala,2.2305670828993107
Cárdenas,2.2305670773819717
Pátzcuaro,2.2305670773031503
Ciudad Lerdo,2.2305670750624342
Ciudad Lázaro Cárdenas,2.230567069781557
Agua Prieta,2.2305670690834463
Sahuayo de Morelos,2.2305670616406807
Villa Victoria,2.2305670542316993
Temoaya,2.2305670530494206
Ciudad de Huajuapam de León,2.230567051169024
Cozumel,2.2305670476672175
Tacámbaro de Codallos,2.230567041192821
Zacatlán,2.230567037082989
Valle Alto,2.230567022490293
Juchitán de Zaragoza,2.2305670205198327
Fuentes del Valle,2.230567012210118
Ixmiquilpan,2.230567010138323
Tamazunchale,2.2305669964239474
Guamúchil,2.2305669943408954
Guasave,2.230566979658217
Tejupilco,2.230566978318315
Frontera,2.2305669679931697
Jacona de Plancarte,2.2305669633091414
San Juan de los Lagos,2.2305669630952063
Rioverde,2.2305669618341204
Purísima de Bustos,2.2305669526237133
Valle Hermoso,2.230566950124068
Zapotlanejo,2.2305669495160485
Tepotzotlán,2.230566940564624
Matehuala,2.230566940485805
Comonfort,2.2305669396413315
Santa Catarina Otzolotepec,2.230566939292285
Juventino Rosas,2.230566915286778
Jiquílpan de Juárez,2.230566909893433
Santo Domingo Tehuantepec,2.230566905828721
Apaseo el Alto,2.2305669036218454
Santiago Tianguistenco,2.2305669027435977
Misantla,2.2305669014374843
San Juan de Sabinas,2.2305668932517815
Sabinas,2.2305668932517815
Teoloyucan,2.2305668886691397
Linares,2.230566888545287
Puerto Peñasco,2.23056687810769
Ocoyoacac,2.230566873919143
Valle de Bravo,2.230566871149302
Montemorelos,2.230566862929856
Huatusco,2.230566861184634
Autlán de Navarro,2.2305668600361646
Amozoc,2.2305668594168893
Heroica Caborca,2.23056685271749
Huehuetoca,2.2305668504543337
Altamira,2.2305668483713283
Uriangato,2.2305668457703907
Tlaltenango de Sánchez Román,2.2305668373820815
Sombrerete,2.230566833339938
Temascalcingo,2.2305668329796355
Acámbaro,2.230566830761523
Cortazar,2.2305668282394033
Ciudad Cuauhtémoc,2.2305668270909407
Jerez de García Salinas,2.2305668266856022
Santiago Tuxtla,2.230566825064244
Cosamaloapan,2.23056682147248
Tezonapa,2.2305668193219312
Acambay,2.230566818094652
Amealco,2.230566813703477
Actopan,2.2305668133882124
Etchojoa,2.2305668100103846
Nuevo Casas Grandes,2.230566803524963
Jocotitlán,2.230566801836055
Tequisquiapan,2.2305667964990987
San José Iturbide,2.2305667934815836
Ixhuatlán de Madero,2.2305667875253685
Progreso,2.2305667855662374
San Pedro,2.2305667825262105
Encarnación de Díaz,2.230566781028711
Pijijiapan,2.230566780690934
San José Villa de Allende,2.2305667707376626
Acatzingo,2.2305667643986498
Huamantla,2.230566763475385
Romita,2.2305667615500386
Berriozábal,2.2305667603903263
Zumpango,2.230566749356195
Francisco I. Madero,2.2305667419475723
Tepeapulco,2.230566739312896
Guacharachi,2.2305667375001486
Santa Lucía del Camino,2.230566734910513
Valladolid,2.2305667294385048
Matamoros,2.2305667242367178
San Pedro Mixtepec,2.2305667222663477
Ramos Arizpe,2.230566721050345
San Buenaventura,2.230566718899829
Cuetzalan,2.2305667182918274
Mapastepec,2.230566717717604
Santiago Teyahualco,2.2305667133827907
Calimaya,2.2305667075955404
Tizimín,2.230566706897469
Santa Ana Chiautempan,2.2305667047019186
Jocotepec,2.2305667018308144
San Francisco de los Romo,2.2305667010764463
Tlalmanalco,2.2305666974284573
Villagrán,2.230566695300465
Cuautepec de Hinojosa,2.23056669063915
Parras de la Fuente,2.230566689468192
Chiapa de Corzo,2.230566685572508
Puerto Escondido,2.230566684705548
Tres Valles,2.2305666844578473
Petatlán,2.230566678907065
Simojovel de Allende,2.230566676767818
Zongolica,2.2305666719939254
Pedro Celestino Negrete,2.230566667220037
Loreto,2.230566666814705
Actopan,2.230566666555744
Hueyapan de Ocampo,2.23056666566627
Villa de Zaachila,2.2305666653284932
Jesús María,2.2305666623223
Tepalcatepec,2.2305666608248282
Atenco,2.230566659248547
Empalme,2.230566656737756
Nuevo México,2.2305666536977893
Tequila,2.2305666510293714
Moroleón,2.2305666499034555
Ocosingo,2.2305666495544214
Coyotepec,2.230566648788801
Jáltipan de Morelos,2.2305666469197853
Izúcar de Matamoros,2.230566640141789
Camargo,2.230566630898057
Pénjamo,2.230566629265487
Yecapixtla,2.230566626822261
Matías Romero,2.230566626473231
Emiliano Zapata,2.230566625054583
San Diego de la Unión,2.2305666246154794
Uman,2.2305666240300033
Villa del Carbón,2.230566623759786
Apan,2.2305666199316962
Playa Vicente,2.230566619458816
Galeana,2.230566616362567
Juan Rodríguez Clara,2.2305666159684994
San Felipe Orizatlán,2.2305666112059095
Zacatelco,2.2305666111383555
Ciudad Manuel Doblado,2.2305666093706824
Xico,2.230566608120923
Tlapa de Comonfort,2.2305666056101514
Santiago,2.2305666046080974
Tlalixcoyan,2.2305666042815844
Yajalón,2.230566604011368
Mixquiahuala de Juarez,2.2305666030430875
Melchor Ocampo,2.230566602581467
Perote,2.230566600442245
Compostela,2.230566600014401
San Blas,2.230566600014401
Paracho de Verduzco,2.2305665998567736
Mariano Escobedo,2.230566597841406
Sayula,2.2305665921330666
Nueva Rosita,2.2305665906018373
Zinacantán,2.2305665888792072
Zacatepec,2.23056658516373
Tomatlán,2.2305665813919555
Miahuatlán de Porfirio Díaz,2.2305665779354364
Tamuín,2.2305665771360443
La Barca,2.2305665759988837
Tonalá,2.23056657573993
Siltepec,2.2305665742762573
Soteapan,2.2305665738596736
Bochil,2.230566572080749
Acaxochitlán,2.2305665708985543
Zimapan,2.230566566214812
Jiménez,2.2305665640193095
Santa María Atzompa,2.2305665621503183
Tuxpan,2.230566561744993
Salvatierra,2.2305665615986277
San Juan Evangelista,2.2305665600561437
Paso de Ovejas,2.2305665540100734
Calpulalpan,2.230566552557664
Pánuco,2.2305665509701513
Temascalapa,2.2305665503058703
Villanueva,2.230566547738828
Ticul,2.230566547299727
Sayula de Alemán,2.2305665464553077
Putla Villa de Guerrero,2.2305665455433314
Nueva Italia de Ruiz,2.230566543595531
Ciudad Sabinas Hidalgo,2.230566538866771
Paso del Macho,2.230566537099117
Turicato,2.230566536952749
Coatepec Harinas,2.2305665367613496
El Oro de Hidalgo,2.2305665366149814
Jaral del Progreso,2.230566535860633
Tuzantán,2.230566535579161
Amecameca de Juárez,2.2305665348135513
Tecozautla,2.2305665339353538
Cananea,2.2305665333836657
Tenosique,2.2305665314921646
Tancítaro,2.2305665282045553
Atotonilco de Tula,2.2305665279568605
Champotón,2.2305665257388525
Capulhuac,2.2305665252547175
Escuinapa,2.2305665247142876
Amatenango de la Frontera,2.230566524061274
Macuspana,2.2305665232618885
Huatabampo,2.2305665206160428
Temascaltepec de González,2.230566519602741
San Salvador El Seco,2.2305665192311945
Ometepec,2.230566518870913
Cihuatlán,2.230566518533143
Ixtapan de la Sal,2.2305665166416495
Nanchital de Lázaro Cárdenas del Río,2.2305665162588455
Otumba,2.230566514389868
San Rafael,2.230566511665212
Villa Donato Guerra,2.230566511552621
Escárcega,2.2305665099313416
San Fernando,2.2305665064861184
Navolato,2.230566500912972
San Salvador,2.230566500473874
Pabellón de Arteaga,2.230566500428836
Ciudad Sahagun,2.2305665001586243
Las Rosas,2.230566496240535
Cuitzeo del Porvenir,2.230566495857736
Villa Luvianos,2.2305664957226297
Zacoalco de Torres,2.230566495610039
Xochistlahuaca,2.23056649430401
Ojinaga,2.230566493752325
Rincón de Romos,2.2305664931668665
San Felipe Jalapa de Díaz,2.230566493065534
Nochistlán de Mejía,2.230566492536368
Salinas Victoria,2.230566491590623
Tlalpujahua de Rayón,2.230566490915094
San Martín Hidalgo,2.2305664907912455
Soledad de Doblado,2.230566490712431
Atlautla,2.2305664895077326
San Juan Guichicovi,2.2305664893163315
Catemaco,2.230566488967309
Contla,2.230566488911014
Los Reyes de Juárez,2.2305664871546313
Abasolo,2.2305664864228065
Tuxpan,2.230566486220145
Zempoala,2.2305664857923087
Tepehuacán de Guerrero,2.230566484745239
Ozumba,2.2305664843736945
San Agustín Tlaxiaca,2.230566483371656
Amatepec,2.2305664823358407
Sabanilla,2.2305664811536623
Atitalaquia,2.2305664809622643
Xalatlaco,2.2305664805231675
Paracuaro,2.230566479667496
Tlaxcoapan,2.2305664793184707
Jaltenco,2.2305664748261926
Ocuilan de Arteaga,2.2305664745222047
Tehuipango,2.230566474409618
Santiago Papasquiaro,2.2305664721465903
Huaquechula,2.23056647206778
Zacualtipán,2.2305664706379074
Cuajinicuilapa,2.2305664699060848
Felipe Carrillo Puerto,2.230566467902015
Huejotzingo,2.230566467226484
Cuerámaro,2.2305664663933302
Tepetlaoxtoc,2.230566465413813
Pinal de Amoles,2.2305664631845676
Miahuatlán,2.230566462092461
Álamo,2.230566461315605
Santa María Tonameca,2.2305664609890994
Sultepec,2.2305664593678296
Doctor Mora,2.2305664592552397
Hunucmá,2.2305664585121607
Ixhuatlancillo,2.2305664583545375
Aquila,2.2305664579942555
Aldama,2.2305664568345964
Jamay,2.230566456744526
Zumpango del Río,2.230566456361728
Venustiano Carranza,2.230566456237881
Carlos A. Carrillo,2.230566454627873
La Huerta,2.2305664546053543
Ciudad Altamirano,2.2305664542675916
Álamos,2.2305664538172385
San Agustín Loxicha,2.2305664535245104
Tecolutla,2.230566451171421
El Salto,2.2305664509800214
Tantoyuca,2.230566447061962
Tlacolula,2.230566446746715
Ciudad Serdán,2.230566446285105
San Miguel Ocotenco,2.230566446285105
San Juan Cotzocón,2.230566444731395
Cazones de Herrera,2.230566444607547
Cerro Azul,2.2305664434591517
Ocampo,2.2305664426372616
Juchitepec,2.230566442603485
Ahualulco de Mercado,2.2305664410835484
Magdalena de Kino,2.230566441049772
Tototlán,2.2305664389331215
Soledad Atzompa,2.2305664384715125
Tamiahua,2.230566438358923
Rafael Delgado,2.230566438268855
Oxkutzkab,2.2305664380887134
Malinalco,2.2305664366701063
Frontera,2.230566434699823
San Miguel de Papasquiaro,2.23056643419318
Tequixquiac,2.230566433360033
Magdalena,2.2305664329884918
Yahualica de González Gallo,2.2305664323467447
Meoqui,2.2305664322116394
Tlacolula de Matamoros,2.230566431885132
Huautla,2.2305664316149225
Santa Ana Nextlalpan,2.2305664314572997
Puente Nacional,2.230566430860586
Castaños,2.230566430263873
Alvarado,2.230566429464499
Acatlán,2.2305664286876445
Yahualica,2.2305664283161066
Nava,2.23056642791079
Ocatlán,2.2305664266723264
Atlatlahucan,2.2305664266385534
Jalpan,2.2305664260305798
Tecali,2.2305664256590387
Axapusco,2.2305664247921166
Xalisco,2.230566424611975
Chapa de Mota,2.230566422889386
Tixtla de Guerrero,2.2305664225966586
Ocotlán de Morelos,2.2305664221012775
Cuilapan de Guerrero,2.230566421211834
Chapala,2.2305664212005767
La Resolana,2.2305664210654683
Acatic,2.2305664204574986
San Martín de las Pirámides,2.230566420243581
Motul,2.2305664202098052
Heroica Ciudad de Tlaxiaco,2.2305664188925336
Degollado,2.230566417034842
Nogales,2.230566415762604
Chocamán,2.2305664156387603
Altepexi,2.230566415616242
Xoxocotla,2.2305664153235147
Tepezalá,2.2305664136572227
Comala,2.230566413229391
Texistepec,2.2305664132181304
Allende,2.2305664110451975
Chachahuantla,2.230566410200793
Tepexi de Rodríguez,2.2305664099643603
Chapulhuacán,2.230566409727928
Atoyac de Álvarez,2.230566409029885
Colonia General Felipe Ángeles,2.230566408984848
Reyes Acozac,2.2305664086133152
Santa María Chilchotla,2.230566406924506
Villa Hidalgo,2.230566406125135
Cruz Grande,2.2305664052019214
Metztitlán,2.230566404616468
Naranjos,2.230566404053533
Ciudad Miguel Alemán,2.2305664032091292
El Arenal,2.2305664021057745
Comapa,2.230566401644168
Zimatlán de Álvarez,2.230566401531579
Peto,2.230566401216337
Calvillo,2.2305664003269
Huanímaro,2.230566399775223
Chiconcuac,2.2305663993586498
Lerdo de Tejada,2.2305663987957156
San Juan Zitlaltepec,2.2305663987281603
Hidalgotitlán,2.230566398581799
Tapalpa,2.2305663976698438
Amatán,2.2305663958909707
Viesca,2.230566395665793
Jamiltepec,2.2305663942359404
Senguio,2.2305663936167126
Cherán,2.2305663928848984
Ixtlahuacán del Río,2.2305663927610526
Cotija de la Paz,2.2305663921756
Santa Ana Jilotzingo,2.2305663921193055
Fortín de las Flores,2.2305663915788867
Landa de Matamoros,2.2305663909033675
Acatlán de Osorio,2.230566390610641
Huehuetla,2.230566389754978
Atlapexco,2.230566389372185
Tlalnelhuayocan,2.230566388764215
Asunción Nochixtlán,2.2305663866250662
Santa Cruz Zenzontepec,2.2305663864787015
San Blas Atempa,2.2305663852852824
Filomeno Mata,2.2305663848461927
Santiago Ixcuintla,2.230566384823674
Tepetlixpa,2.230566384395845
San José Tenango,2.2305663842719987
Tulum,2.23056638333753
Xochiatipan de Castillo,2.2305663824818716
Cuautitlán,2.230566382267955
Cuquío,2.2305663804890825
Unión de San Antonio,2.23056637975727
Acatlán,2.2305663797460134
Zapotlán del Rey,2.2305663795095785
San Bartolo Tutotepec,2.230566378879097
Victoria,2.230566378057212
Santos Reyes Nopala,2.2305663760193943
Moloacán,2.230566375129957
Pajapan,2.23056637485975
Tepatlaxco,2.2305663747696833
Totutla,2.230566374274299
Ziracuaretiro,2.230566373891504
El Dorado,2.230566373565006
Mecayapan,2.2305663729682976
Pisaflores,2.230566371864948
Calnali,2.2305663712907555
Tlahuelilpan,2.2305663711781705
Ignacio de la Llave,2.230566370637753
Ajacuba,2.230566370074822
Peñamiller,2.2305663695344045
San Juan Lalana,2.230566369140352
Guadalupe Victoria,2.230566368588681
Alfajayucan,2.230566367868124
Chalchihuitán,2.2305663672376403
Chinampa de Gorostiza,2.230566366539606
Jilotepec,2.2305663658753434
Santa María Petapa,2.230566364028927
Ciudad Guadalupe Victoria,2.2305663638938205
Zapotlán de Juárez,2.2305663637474598
Juchique de Ferrer,2.2305663622500598
Cosautlán,2.230566362171251
Oteapan,2.230566360696366
Zaragoza,2.230566360144696
Palau,2.2305663596943495
Santiago Tulantepec,2.2305663590751243
Ciudad de Huitzuco,2.230566358478417
El Rosario,2.2305663582194684
Santa Catarina Juquila,2.2305663580505892
Vicente Guerrero,2.2305663579942956
San Julián,2.2305663569585006
Cardonal,2.2305663568008818
Tlaltetela,2.2305663561478783
Ixhuatlán del Sureste,2.230566355945224
Tenango de Doria,2.230566355866414
San Jacinto Amilpas,2.2305663550445325
La Cruz,2.2305663543352403
Tatahuicapan,2.2305663538511187
Churumuco de Morelos,2.230566352060997
Madera,2.230566351970927
Tasquillo,2.230566351768273
Ayutla de los Libres,2.230566351104015
Amatitán,2.230566350811291
Cárdenas,2.230566350664927
Chilcuautla,2.230566350135773
Puréparo de Echaíz,2.2305663498092723
Huasca de Ocampo,2.2305663492013093
San Pedro Tapanatepec,2.2305663486496363
Izamal,2.2305663480754454
Nopala de Villagran,2.2305663480529274
Huitzilan,2.2305663480191518
El Arenal,2.230566347354894
Calkiní,2.230566346195255
Tecuala,2.230566346048895
Chemax,2.230566345643583
Huixcolotla,2.2305663447991866
Cerritos,2.2305663447316384
Tepetzintla,2.230566343966051
Tlaxcala,2.230566343470673
Técpan de Galeana,2.2305663428627067
Zontecomatlán de López y Fuentes,2.2305663426600524
Ciudad Hidalgo,2.230566342502431
Tingüindín,2.230566341669296
Tierra Blanca,2.2305663414778993
Guachochi,2.230566341455381
Tlayacapan,2.230566340937488
Chiconquiaco,2.230566340115607
San Andrés Timilpan,2.2305663394513506
El Barrio de la Soledad,2.230566338798352
Ciénega de Flores,2.2305663386970247
Almoloya de Alquisiras,2.230566337886405
Juan Aldama,2.2305663375036118
Grajales,2.230566337469836
Tepoztlán,2.230566337143337
El Porvenir de Velasco Suárez,2.230566337042009
Santiago de Anaya,2.2305663364227866
Ezequiel Montes,2.2305663362764268
Acala,2.2305663344300157
Polotitlán de la Ilustración,2.230566334002189
Apaxco de Ocampo,2.230566333833311
Zacualpan,2.2305663334279995
San Pedro Pochutla,2.2305663321332636
Aldama,2.2305663318630558
Ixcatepec,2.2305663310749546
Tianguistengo,2.230566329802734
Ilamatlán,2.230566329757701
Ascensión,2.230566329555047
Villa Unión,2.2305663289696005
Coquimatlán,2.2305663284517054
Cadereyta,2.2305663283278596
Miahuatlán,2.230566326211246
Santa María Jalapa del Marqués,2.230566326087401
Singuilucan,2.230566326031111
Mazatlán Villa de Flores,2.2305663255132155
La Crucecita,2.2305663249165115
Santiago Ixtayutla,2.2305663248827328
Maravilla Tenejapa,2.2305663238019138
Valparaíso,2.2305663235091906
Tapilula,2.2305663231489126
Sonoita,2.2305663227210872
Santa Cruz Amilpas,2.2305663223270376
Santiago Amoltepec,2.2305663208521653
Maxcanú,2.2305663201541353
El Fuerte,2.23056631953491
Eloxochitlán,2.2305663190170195
Arroyo Seco,2.230566318713039
Isla Mujeres,2.2305663186905207
Santa Ana Maya,2.2305663184090547
San Pedro Jicayán,2.2305663175196297
San Miguel Xoxtla,2.2305663170017347
Mecatlán,2.230566316900408
Emiliano Zapata,2.230566316641461
Tzintzuntzán,2.230566316078534
Cuichapa,2.230566315842105
Tempoal de Sánchez,2.2305663158308437
La Magdalena Chichicaspa,2.230566315335468
Cocotitlán,2.23056631476128
Citlaltépec,2.230566314389749
San Carlos Yautepec,2.230566314299679
Jacala,2.230566313804304
Tocumbo,2.2305663130950135
Mineral del Monte,2.2305663125320865
Balancán,2.23056631198042
Ojuelos de Jalisco,2.2305663118227965
Nacozari Viejo,2.230566311721473
Abasolo,2.2305663116088863
Chiautla de Tapia,2.230566310640649
Villa Aldama,2.2305663104605147
José María Morelos,2.2305663103479265
Tolcayuca,2.2305663103028937
San Nicolás de los Ranchos,2.2305663101677915
Ángel R. Cabada,2.230566309661155
Dzitbalché,2.2305663096273793
San Pedro Ixcatlán,2.230566309255849
Mixtla de Altamirano,2.23056630917704
Tepetzintla,2.2305663089068326
Santa Cruz Itundujia,2.2305663088392818
Huandacareo,2.230566308569077
Espita,2.2305663081074774
Epazoyucan,2.2305663077809794
Olintla,2.230566307724686
Muna,2.230566307184274
Tlacolulan,2.230566306756449
Acuítzio del Canje,2.2305663066888988
Santa María Huazolotitlán,2.230566306407437
Chapantongo,2.230566306283592
Xichú,2.2305663055405276
González,2.2305663042908304
Temamatla,2.230566304223276
Mineral de Angangueo,2.230566303255044
San Luis de La Loma,2.230566302917288
Bacalar,2.2305663028497373
Joquicingo,2.230566302376878
Tezoatlán de Segura y Luna,2.2305663022868116
Saucillo,2.2305663019490534
Tixkokob,2.230566301543744
Acanceh,2.230566301543744
Texcatepec,2.230566301160956
Nuevo Ideal,2.230566300507961
Totolapan,2.230566299539726
Anenecuilco,2.2305662993483337
Villa Unión,2.2305662991231587
Tlachichilco,2.2305662988529558
Tezontepec,2.2305662987854076
Soyaniquilpan,2.230566298740368
Coalcomán de Vázquez Pallares,2.230566298695335
Villa Purificación,2.230566298571491
Santa Catarina Ayotzingo,2.230566298548976
Chichihualco,2.2305662984138745
Almoloya,2.23056629782843
San Ignacio Cohuirimpo,2.2305662974681573
Santa Ana,2.230566297321795
Tenango del Aire,2.2305662971529174
San Juanito,2.2305662966688002
Tierra Colorada,2.2305662962972703
Coacoatzintla,2.2305662960720993
Teotlaltzingo,2.2305662957793775
Jaltenango,2.23056629545288
Santiago Suchilquitongo,2.2305662951151253
Molango,2.2305662949800236
Coroneo,2.230566294552197
Canatlán,2.2305662944959064
Teocuitatlán de Corona,2.2305662942144417
Cuatro Ciénegas de Carranza,2.2305662941243733
Hecelchakán,2.230566293854169
Jaltocan,2.230566293628998
Chavinda,2.2305662935501873
Tlalixtac de Cabrera,2.230566292987262
Tetela del Volcán,2.2305662928859387
Nuevo Progreso,2.2305662926495073
Akil,2.2305662926269925
Mexicaltzingo,2.230566292458115
Cuapiaxtla de Madero,2.230566291782603
La Misión,2.2305662917263094
Ciudad Tula,2.2305662911296085
Pajacuarán,2.230566290803112
San Pedro Huamelula,2.230566290803112
Platón Sánchez,2.2305662907468147
San Nicolas Buenos Aires,2.2305662903302523
Tzucacab,2.2305662902739587
Anáhuac,2.230566290105082
Cuicatlan,2.2305662900262737
Coycoyan de las Flores,2.230566289924947
Imuris,2.2305662897560667
Jilotlán de los Dolores,2.230566289711034
Amatenango del Valle,2.230566289666001
Cuencamé de Ceniceros,2.2305662889341957
Tekit,2.2305662887765756
Candelaria,2.2305662885288906
Jamapa,2.230566288078549
Hostotipaquillo,2.230566287954705
San Gregorio Atzompa,2.230566286941439
Tepetlán,2.2305662869076635
Xicoténcatl,2.2305662860632745
Lototla,2.2305662854778348
Tlahualilo de Zaragoza,2.2305662852076287
Carácuaro,2.2305662848473564
San Juanito de Escobedo,2.2305662842619136
Halachó,2.230566284025486
La Huacana,2.230566283597663
Zacualpan de Amilpas,2.2305662835526268
Ecatzingo,2.2305662835413695
San Agustín de las Juntas,2.2305662832373914
San Pablo Huixtepec,2.2305662829108943
Choix,2.2305662828320827
Tlahuiltepa,2.230566282359227
Santa Isabel Cholula,2.230566282043988
Altamirano,2.2305662816386835
Puerto Morelos,2.230566281503582
Santa María Ajoloapan,2.230566281469803
Santo Domingo Petapa,2.2305662811545672
Tecoh,2.230566280895621
Amatlán de los Reyes,2.2305662807717774
Coatetelco,2.2305662804452804
Villa Chalcatongo de Hidalgo,2.2305662801300445
Ixtapa Zihuatanejo,2.230566279296914
San Francisco Ixhuatan,2.2305662791618124
Higuera de Zaragoza,2.23056627911678
Tepechitlán,2.2305662790717444
Tzitzio,2.2305662790041936
Almoloya del Río,2.230566278700215
La Junta,2.2305662785988885
Monte Escobedo,2.2305662785876312
Santa María del Tule,2.2305662784637867
Santa Cruz Atizapán,2.230566278362458
San José de Gracia,2.2305662782160987
Tepetitlan,2.230566278182324
Santo Tomás de los Plátanos,2.2305662781260303
Tataltepec de Valdés,2.23056627791212
San Joaquín,2.2305662778670876
Ayapango,2.2305662778558273
Tlacotalpan,2.2305662777319832
Ahuacatlán,2.2305662773491965
Santa María Xadani,2.2305662770789905
Santa Bárbara,2.2305662767412366
San Juan Ixcaquixtla,2.2305662765948777
Lázaro Cárdenas,2.2305662760544682
Tlanalapa,2.2305662755816105
Rayón,2.2305662747710016
Vícam Pueblo,2.2305662746359003
El Espinal,2.2305662746021215
Ahumada,2.2305662746021215
Coahuitlán,2.230566274500799
San Pedro Ixtlahuaca,2.2305662744445023
Ayotoxco de Guerrero,2.2305662744107266
Tepeojuma,2.2305662736676695
Arteaga,2.230566273149778
Agua Blanca Iturbide,2.2305662731160023
Seyé,2.230566272282873
San Miguel del Puerto,2.230566272204065
San Sebastián Tecomaxtlahuaca,2.2305662720914814
Santiago Yosondúa,2.2305662718437933
Concordia,2.230566271821279
Texmelucan,2.2305662717649826
Lerma,2.2305662712921275
Nopaltepec,2.230566270177538
San Miguel Quetzaltepec,2.230566269468253
Dzidzantun,2.230566269468253
Huaniqueo de Morales,2.230566269175532
Solosuchiapa,2.230566269051688
Tacotalpa,2.2305662689278476
Rafael Lucio,2.230566268894072
Zacapoaxtla,2.230566268826518
Mineral del Chico,2.2305662679033236
Albarradas,2.2305662677344475
Cocorit,2.230566267599346
Altar,2.2305662673066253
Tonila,2.230566267216557
San Felipe Tejalapan,2.2305662665748223
El Higo,2.23056626637217
Villa Morelos,2.230566265944349
Mazapa,2.230566265527788
Guerrero,2.230566265325132
Tamazulapam Villa del Progreso,2.2305662648297604
San Isidro Buen Suceso,2.230566264615848
Montecristo,2.2305662645483
San Francisco del Mar,2.2305662641880266
Chapultenango,2.2305662641204758
San Patricio,2.230566263276093
San Pablo Villa de Mitla,2.2305662630284058
Tenabo,2.230566262983373
Omitlán de Juárez,2.2305662628257537
Buctzotz,2.230566262668134
Cuauhtémoc,2.230566262645617
Francisco León,2.2305662617111652
San Diego de Alejandría,2.2305662607992267
San Antonino Monteverde,2.2305662603038576
Hopelchén,2.2305662601912717
Huiloapan,2.2305662593581435
Zacualpan,2.2305662590541657
Conkal,2.2305662588177384
Ciudad Cerralvo,2.2305662587727064
Tlalnepantla,2.2305662587389277
Kantunilkín,2.2305662585587935
Santa Eulalia,2.2305662583899175
Ayotzintepec,2.2305662580183867
La Grandeza,2.230566257511757
San Pablo Huitzo,2.230566257140226
Tenamaxtlán,2.230566256926317
San Buenaventura,2.2305662563859125
Xochicoatlán,2.2305662563521342
Tumbiscatío de Ruiz,2.2305662562733266
Valle de Guadalupe,2.2305662560143817
Ojo Caliente,2.2305662559017954
Pinotepa de Don Luis,2.230566255665372
Santiago Yaveo,2.230566255575303
Tomatlán,2.230566255395166
San José del Progreso,2.2305662548660194
Ixtenco,2.230566254517006
Cacalchen,2.2305662544719738
Tuxcueca,2.2305662535150033
San Juan Mixtepec,2.2305662532673187
Tenampa,2.2305662532335404
Santiago Maravatío,2.230566253154736
San Pedro Amuzgos,2.2305662530871824
Villa Díaz Ordaz,2.2305662528845307
Cosalá,2.2305662521076965
Temascal,2.230566251983853
Temozon,2.2305662518374945
Leona Vicario,2.2305662514321885
Bécal,2.2305662513646416
Silacayoápam,2.2305662511845052
Tetecala,2.2305662509368176
Tlapanaloya,2.2305662508580095
Naco,2.2305662501262087
Santa Lucía Monte Verde,2.2305662500924366
Guadalupe Yancuictlalpan,2.230566249946075
Topolobampo,2.2305662496758734
Ixtapan del Oro,2.230566249540772
Xochitlan Todos Santos,2.230566249394411
Tuzamapan,2.2305662491467233
Tamchen,2.230566249067919
Kinchil,2.230566249067919
Huautepec,2.2305662489778473
Celestún,2.2305662486400952
Tecuanipan,2.2305662485950593
Temax,2.230566248302343
Nicolás Flores,2.23056624788578
Homun,2.2305662472553083
Teabo,2.2305662469062955
Ixcateopan de Cuauhtémoc,2.230566246782452
Chiquilistlán,2.230566246759934
Concepción de Buenos Aires,2.230566246602318
Bahía Kino,2.230566246174498
Santa María Yucuhiti,2.23056624615198
Magdalena Tequisistlán,2.230566246039394
San Antonino Castillo Velasco,2.230566245712902
Puerto Aventuras,2.230566245375147
General Zaragoza,2.2305662449585837
San Miguel Panixtlahuaca,2.2305662448234833
Santa María del Oro,2.230566244238044
Dzilam González,2.230566244204269
Teteles de Avila Castillo,2.2305662441367184
Los Reyes,2.2305662436976377
Guadalupe y Calvo,2.2305662435400224
Sahuaripa,2.2305662432698172
Tancoco,2.2305662432698172
Santiago,2.230566243247303
Tatatila,2.2305662429883584
San Juan Ñumí,2.2305662427631896
Colipa,2.2305662424366948
Tixpehual,2.2305662421214576
San Sebastián del Oeste,2.230566241592312
Huejúcar,2.230566241479729
Samahil,2.2305662414572107
Mapimí,2.2305662413671463
Atarjea,2.2305662412207847
Soledad Etla,2.2305662410068727
San Antonio Cañada,2.230566240995616
Rosales,2.2305662407704467
Panindícuaro,2.230566240714154
Sotuta,2.230566240522763
San Nicolás Tolentino,2.2305662405115028
Piste,2.230566240297591
Chichimila,2.230566240297591
Atengo,2.230566239700895
Zapotitlán,2.2305662396333448
Xoxocotla,2.2305662393744043
San Simón de Guerrero,2.230566238946581
Palo Alto,2.2305662388452556
Valle de Juárez,2.2305662387326723
General Bravo,2.2305662386876364
Ixtapangajoya,2.2305662386763796
El Limón,2.230566238620086
Totontepec Villa de Morelos,2.2305662384174356
Acula,2.230566238293592
San Andrés Huayápam,2.2305662381359763
Gómez Farías,2.230566238068423
Calderitas,2.230566238023391
Lampazos de Naranjo,2.230566237786961
Nombre de Dios,2.230566237753189
Benjamín Hill,2.2305662375617956
Texhuacán,2.2305662375505384
Peñón Blanco,2.230566237404177
Tlilapan,2.2305662372578188
Panabá,2.2305662369650965
X-Cán,2.2305662365035017
Santiago Zacatepec,2.2305662364584693
Frontera Corozal,2.230566236424694
San Francisco,2.2305662362333005
San Cristóbal Amatlán,2.2305662360193916
San Dionisio del Mar,2.2305662357829625
Tayoltita,2.2305662357491878
Santa Catarina,2.230566235704155
La Moncada,2.2305662354789866
Ocampo,2.2305662354226934
Teojomulco,2.230566235400175
Angostura,2.2305662353213678
Chicxulub Puerto,2.2305662349385806
Creel,2.230566234645862
San Jerónimo Coatlán,2.2305662345670543
Jalcomulco,2.2305662344206927
Esperanza,2.2305662212483552
Nautla,2.23056621059792
Altata,2.2305662005892266
Ciudad Guzmán,2.230566179153342
Tecax,2.230566178633085
Punta Prieta,0.17340403752078104
Algodones,0.17340402939644173
Puerto San Carlos,0.1734040292994709
El Centenario,0.1734040284964311
Todos Santos,0.17340402786460513
San José el Viejo,0.17340402674792518
Las Veredas,0.173404021814533
Ciudad Insurgentes,0.17340402026148422
Santa Rosalía,0.1734040162356787
Guerrero Negro,0.173404015999312
San Felipe,0.17340400859316302
Loreto,0.1734040068037479
Ciudad Constitución,0.17340396816237755
Colonia del Sol,0.17340394063629141
Cabo San Lucas,0.17340391479355868
San José del Cabo,0.17340389667516068
San Luis Río Colorado,0.1734037456582066
La Paz,0.1734036676572756
